"","fitted_LFO","var","year","Y_Rec","sd","residual_LFO","Type","fitted_LOO","residuals_loo"
"1",-0.0395925481045526,"DDpre",2010,0.474934,NA,NA,"predicted",-0.0115042548282151,0.486438254828215
"2",-0.113779049689518,"DDpre",2011,-0.448451,NA,NA,"predicted",-0.117846782251727,-0.330604217748273
"3",-0.210180736181679,"DDpre",2012,-0.218587,NA,NA,"predicted",-0.184974184191649,-0.0336128158083509
"4",-0.138094723418302,"DDpre",2013,0.0738459,NA,NA,"predicted",-0.116261184008131,0.190107084008131
"5",-0.129014925748311,"DDpre",2014,0.0104437,NA,NA,"predicted",-0.120511754215474,0.130955454215474
"6",-0.0711993532626496,"DDegg",2010,0.474934,NA,NA,"predicted",-0.0528006783819893,0.527734678381989
"7",0.0118948646068719,"DDegg",2011,-0.448451,NA,NA,"predicted",-0.0123638878213081,-0.436087112178692
"8",-0.163530819065704,"DDegg",2012,-0.218587,NA,NA,"predicted",-0.138356257455964,-0.0802307425440358
"9",0.0935739137034295,"DDegg",2013,0.0738459,NA,NA,"predicted",0.0796090081349531,-0.00576310813495309
"10",-0.251139177260507,"DDegg",2014,0.0104437,NA,NA,"predicted",-0.207095176734961,0.217538876734961
"11",0.028002330501249,"DDlarv",2010,0.474934,NA,NA,"predicted",0.0753869253208089,0.399547074679191
"12",-0.121129667214659,"DDlarv",2011,-0.448451,NA,NA,"predicted",-0.123171737955788,-0.325279262044212
"13",-0.230752006154941,"DDlarv",2012,-0.218587,NA,NA,"predicted",-0.188925411499439,-0.0296615885005612
"14",-0.199870432405849,"DDlarv",2013,0.0738459,NA,NA,"predicted",-0.163775598076402,0.237621498076402
"15",-0.0766346962874963,"DDlarv",2014,0.0104437,NA,NA,"predicted",-0.0722009146757931,0.0826446146757931
"16",-0.0624693592202767,"DDpjuv",2010,0.474934,NA,NA,"predicted",-0.0540457231500026,0.528979723150003
"17",-0.0304578648734446,"DDpjuv",2011,-0.448451,NA,NA,"predicted",-0.0702901398796233,-0.378160860120377
"18",-0.0641766894292959,"DDpjuv",2012,-0.218587,NA,NA,"predicted",-0.0618857916752004,-0.1567012083248
"19",-0.0817156484780809,"DDpjuv",2013,0.0738459,NA,NA,"predicted",-0.0672863051096411,0.141132205109641
"20",-0.0422612089386455,"DDpjuv",2014,0.0104437,NA,NA,"predicted",-0.0396884923942007,0.0501321923942007
"21",-0.0577956543126462,"DDben",2010,0.474934,NA,NA,"predicted",-0.0542309766430766,0.529164976643077
"22",-0.0474152847357163,"DDben",2011,-0.448451,NA,NA,"predicted",-0.07361030148367,-0.37484069851633
"23",-0.0535961654071734,"DDben",2012,-0.218587,NA,NA,"predicted",-0.057570796214302,-0.161016203785698
"24",-0.0699462862239549,"DDben",2013,0.0738459,NA,NA,"predicted",-0.0631765714505156,0.137022471450516
"25",0.146823957554022,"DDben",2014,0.0104437,NA,NA,"predicted",0.0978941339455764,-0.0874504339455764
"26",-0.0513229320079666,"Tcop",2010,0.474934,NA,NA,"predicted",-0.0390610334705309,0.513995033470531
"27",-0.108705562181894,"Tcop",2011,-0.448451,NA,NA,"predicted",-0.122409842260728,-0.326041157739272
"28",-0.0369209548396297,"Tcop",2012,-0.218587,NA,NA,"predicted",-0.0373309249602636,-0.181256075039736
"29",-0.216842127122744,"Tcop",2013,0.0738459,NA,NA,"predicted",-0.187807516489328,0.261653416489328
"30",0.089503622141396,"Tcop",2014,0.0104437,NA,NA,"predicted",0.0824911326037963,-0.0720474326037963
"31",-0.00483586058028576,"Tpart",2010,0.474934,NA,NA,"predicted",0.0302659037810455,0.444668096218954
"32",-0.0911294963009277,"Tpart",2011,-0.448451,NA,NA,"predicted",-0.101581314569613,-0.346869685430387
"33",-0.180148769332374,"Tpart",2012,-0.218587,NA,NA,"predicted",-0.153545700826206,-0.0650412991737944
"34",-0.157845786285363,"Tpart",2013,0.0738459,NA,NA,"predicted",-0.129475445177825,0.203321345177825
"35",-0.0911543957761973,"Tpart",2014,0.0104437,NA,NA,"predicted",-0.0853589815561981,0.0958026815561981
"36",0.0681479364636026,"MLDpart",2010,0.474934,NA,NA,"predicted",0.0864318626343895,0.38850213736561
"37",-0.0530556519828556,"MLDpart",2011,-0.448451,NA,NA,"predicted",-0.0474407485751833,-0.401010251424817
"38",-0.170934139530027,"MLDpart",2012,-0.218587,NA,NA,"predicted",-0.129690762013412,-0.0888962379865878
"39",-0.213713681920148,"MLDpart",2013,0.0738459,NA,NA,"predicted",-0.163424926039838,0.237270826039838
"40",-0.308100568312959,"MLDpart",2014,0.0104437,NA,NA,"predicted",-0.268837620444323,0.279281320444323
"41",0.10532073844908,"MLDlarv",2010,0.474934,NA,NA,"predicted",0.0984841914306819,0.376449808569318
"42",0.0754246969024013,"MLDlarv",2011,-0.448451,NA,NA,"predicted",-0.0035179628962855,-0.444933037103714
"43",-0.138231314620806,"MLDlarv",2012,-0.218587,NA,NA,"predicted",-0.110516809795748,-0.108070190204252
"44",-0.23819141218549,"MLDlarv",2013,0.0738459,NA,NA,"predicted",-0.187535501318991,0.261381401318991
"45",-0.217024360357949,"MLDlarv",2014,0.0104437,NA,NA,"predicted",-0.199924841487026,0.210368541487026
"46",-0.383071962542413,"MLDpjuv",2010,0.474934,NA,NA,"predicted",-0.106991817888007,0.581925817888007
"47",-0.0203245848637684,"MLDpjuv",2011,-0.448451,NA,NA,"predicted",-0.0455663776108341,-0.402884622389166
"48",-0.0423304991272891,"MLDpjuv",2012,-0.218587,NA,NA,"predicted",-0.0436151247422738,-0.174971875257726
"49",-0.0477361865091838,"MLDpjuv",2013,0.0738459,NA,NA,"predicted",-0.0391727723779705,0.113018672377971
"50",-0.02796703903519,"MLDpjuv",2014,0.0104437,NA,NA,"predicted",-0.0250391974309841,0.0354828974309841
"51",-0.0542582187111867,"CSTlarv",2010,0.474934,NA,NA,"predicted",-0.0450331648591584,0.519967164859159
"52",-0.00956196865364885,"CSTlarv",2011,-0.448451,NA,NA,"predicted",-0.0410487318991884,-0.407402268100812
"53",-0.0367994239709685,"CSTlarv",2012,-0.218587,NA,NA,"predicted",-0.0475470670455207,-0.171039932954479
"54",-0.0539014478862566,"CSTlarv",2013,0.0738459,NA,NA,"predicted",-0.0411594538499819,0.115005353849982
"55",-0.0489153597148977,"CSTlarv",2014,0.0104437,NA,NA,"predicted",-0.045694413168674,0.056138113168674
"56",-0.119929110030819,"CSTpjuv",2010,0.474934,NA,NA,"predicted",-0.0205690554705338,0.495503055470534
"57",-0.167759763021349,"CSTpjuv",2011,-0.448451,NA,NA,"predicted",-0.0480095480452096,-0.40044145195479
"58",-0.127362168432014,"CSTpjuv",2012,-0.218587,NA,NA,"predicted",-0.085205390937083,-0.133381609062917
"59",-0.200627015909545,"CSTpjuv",2013,0.0738459,NA,NA,"predicted",-0.0794485581199569,0.153294458119957
"60",1.10094291843042,"CSTpjuv",2014,0.0104437,NA,NA,"predicted",0.00888960858436785,0.00155409141563215
"61",0.0956855907960132,"LSTlarv",2010,0.474934,NA,NA,"predicted",0.101780976359262,0.373153023640738
"62",-0.065720232498948,"LSTlarv",2011,-0.448451,NA,NA,"predicted",-0.124519207364755,-0.323931792635245
"63",-0.0739283312247578,"LSTlarv",2012,-0.218587,NA,NA,"predicted",-0.0909438534491197,-0.12764314655088
"64",0.095934653192264,"LSTlarv",2013,0.0738459,NA,NA,"predicted",0.107015171838014,-0.033169271838014
"65",0.0984448450795567,"LSTlarv",2014,0.0104437,NA,NA,"predicted",0.090493637103774,-0.080049937103774
"66",-0.0382123038477692,"LSTpjuv",2010,0.474934,NA,NA,"predicted",-0.0333974685070194,0.508331468507019
"67",0.0126063009723652,"LSTpjuv",2011,-0.448451,NA,NA,"predicted",-0.0339715468150242,-0.414479453184976
"68",-0.0628660597896544,"LSTpjuv",2012,-0.218587,NA,NA,"predicted",-0.0518442756623529,-0.166742724337647
"69",-0.0884089617265111,"LSTpjuv",2013,0.0738459,NA,NA,"predicted",-0.0560824261121266,0.129928326112127
"70",-0.0822650509517082,"LSTpjuv",2014,0.0104437,NA,NA,"predicted",-0.0641675002429499,0.0746112002429499
"71",-0.00185694216361927,"HCIlarv",2010,0.474934,NA,NA,"predicted",0.0520621423138711,0.422871857686129
"72",-0.0945443141976587,"HCIlarv",2011,-0.448451,NA,NA,"predicted",-0.110198271040395,-0.338252728959605
"73",-0.175595147693404,"HCIlarv",2012,-0.218587,NA,NA,"predicted",-0.150034659953372,-0.0685523400466284
"74",-0.162163398708174,"HCIlarv",2013,0.0738459,NA,NA,"predicted",-0.133100724596561,0.206946624596561
"75",-0.0659753342704779,"HCIlarv",2014,0.0104437,NA,NA,"predicted",-0.0621725199487035,0.0726162199487035
"76",-0.0794010502706593,"HCIpjuv",2010,0.474934,NA,NA,"predicted",0.0383019257761664,0.436632074223834
"77",-0.0131280843923701,"HCIpjuv",2011,-0.448451,NA,NA,"predicted",-0.0758868239424592,-0.372564176057541
"78",-0.0704683926317443,"HCIpjuv",2012,-0.218587,NA,NA,"predicted",-0.0722004844801262,-0.146386515519874
"79",-0.134312362330508,"HCIpjuv",2013,0.0738459,NA,NA,"predicted",-0.104574692992388,0.178420592992388
"80",-0.0340900612510986,"HCIpjuv",2014,0.0104437,NA,NA,"predicted",-0.0268797647481658,0.0373234647481658
"81",-0.171101066905708,"ONIpre",2010,0.474934,NA,NA,"predicted",-0.0313748142861839,0.506308814286184
"82",0.395541878099943,"ONIpre",2011,-0.448451,NA,NA,"predicted",0.156690996412739,-0.605141996412739
"83",-0.035475085242442,"ONIpre",2012,-0.218587,NA,NA,"predicted",-0.0292281285815852,-0.189358871418415
"84",-0.215986945860446,"ONIpre",2013,0.0738459,NA,NA,"predicted",-0.174893532835902,0.248739432835902
"85",-0.15540434719475,"ONIpre",2014,0.0104437,NA,NA,"predicted",-0.144136452240379,0.154580152240379
"86",0.0945254741463097,"ONIpjuv",2010,0.474934,NA,NA,"predicted",0.0795775563159006,0.395356443684099
"87",0.134489674744456,"ONIpjuv",2011,-0.448451,NA,NA,"predicted",0.0764291921404582,-0.524880192140458
"88",-0.0656483705663609,"ONIpjuv",2012,-0.218587,NA,NA,"predicted",-0.0652471955101227,-0.153339804489877
"89",0.0144099125623898,"ONIpjuv",2013,0.0738459,NA,NA,"predicted",0.0223822738254096,0.0514636261745904
"90",-0.108110071374462,"ONIpjuv",2014,0.0104437,NA,NA,"predicted",-0.0993544739250697,0.10979817392507
"91",-0.013616462163155,"PDOlarv",2010,0.474934,NA,NA,"predicted",0.0256035156273094,0.449330484372691
"92",-0.134008757453422,"PDOlarv",2011,-0.448451,NA,NA,"predicted",-0.154637256110558,-0.293813743889442
"93",-0.192851432441267,"PDOlarv",2012,-0.218587,NA,NA,"predicted",-0.165334037816651,-0.0532529621833493
"94",-0.175290412760238,"PDOlarv",2013,0.0738459,NA,NA,"predicted",-0.146614669831007,0.220460569831007
"95",-0.0427180779926177,"PDOlarv",2014,0.0104437,NA,NA,"predicted",-0.0401816918587256,0.0506253918587256
"96",0.0077675790206491,"PDOpjuv",2010,0.474934,NA,NA,"predicted",-0.0241785042585949,0.499112504258595
"97",0.170892796320415,"PDOpjuv",2011,-0.448451,NA,NA,"predicted",0.0393008132275883,-0.487751813227588
"98",0.0769373123002943,"PDOpjuv",2012,-0.218587,NA,NA,"predicted",0.0424672399906164,-0.261054239990616
"99",-0.000748948038616373,"PDOpjuv",2013,0.0738459,NA,NA,"predicted",0.00733498114387787,0.0665109188561221
"100",-0.0984770324247974,"PDOpjuv",2014,0.0104437,NA,NA,"predicted",-0.0906734662754145,0.101117166275415
"101",0.132323980215685,"CutiSTIpjuv",2010,0.474934,NA,NA,"predicted",0.11131886743858,0.36361513256142
"102",0.237820707654863,"CutiSTIpjuv",2011,-0.448451,NA,NA,"predicted",0.169278552178565,-0.617729552178565
"103",-0.379885544545568,"CutiSTIpjuv",2012,-0.218587,NA,NA,"predicted",-0.334197871238352,0.115610871238352
"104",-0.18631476579661,"CutiSTIpjuv",2013,0.0738459,NA,NA,"predicted",-0.135744950247145,0.209590850247145
"105",-0.194796184449137,"CutiSTIpjuv",2014,0.0104437,NA,NA,"predicted",-0.176256934965209,0.186700634965209
"106",-0.0378772558170216,"CutiTUMIpjuv",2010,0.474934,NA,NA,"predicted",-0.0346276552563809,0.509561655256381
"107",0.0217831059715252,"CutiTUMIpjuv",2011,-0.448451,NA,NA,"predicted",-0.0332611443780471,-0.415189855621953
"108",-0.0366259769742189,"CutiTUMIpjuv",2012,-0.218587,NA,NA,"predicted",-0.0390907148098649,-0.179496285190135
"109",-0.0537760939735163,"CutiTUMIpjuv",2013,0.0738459,NA,NA,"predicted",-0.0447100527989322,0.118555952798932
"110",-0.046010313012317,"CutiTUMIpjuv",2014,0.0104437,NA,NA,"predicted",-0.0432982835510135,0.0537419835510135
"111",-0.0615994052362444,"BeutiTUMIpjuv",2010,0.474934,NA,NA,"predicted",-0.0533703306061362,0.528304330606136
"112",-0.037147177891774,"BeutiTUMIpjuv",2011,-0.448451,NA,NA,"predicted",-0.0648095573617246,-0.383641442638275
"113",-0.0628063648728223,"BeutiTUMIpjuv",2012,-0.218587,NA,NA,"predicted",-0.0632972797493762,-0.155289720250624
"114",-0.0659933063997833,"BeutiTUMIpjuv",2013,0.0738459,NA,NA,"predicted",-0.0571751352113344,0.131021035211334
"115",-0.0233840114200217,"BeutiTUMIpjuv",2014,0.0104437,NA,NA,"predicted",-0.0213638105174519,0.0318075105174519
"116",-0.0485152193299237,"BeutiSTIpjuv",2010,0.474934,NA,NA,"predicted",-0.0354238725758051,0.510357872575805
"117",0.0546226171716161,"BeutiSTIpjuv",2011,-0.448451,NA,NA,"predicted",0.00242482606682116,-0.450875826066821
"118",-0.338154041626144,"BeutiSTIpjuv",2012,-0.218587,NA,NA,"predicted",-0.26860876657323,0.0500217665732302
"119",-0.0869336324916724,"BeutiSTIpjuv",2013,0.0738459,NA,NA,"predicted",-0.0527867285284048,0.126632628528405
"120",-0.0808942911603305,"BeutiSTIpjuv",2014,0.0104437,NA,NA,"predicted",-0.0740078822529591,0.0844515822529591
"121",-0.480653027502716,"X",2010,0.474934,NA,NA,"predicted",-0.169371314274152,0.644305314274152
"122",-0.306303642628198,"X",2011,-0.448451,NA,NA,"predicted",-0.175692185639804,-0.272758814360196
"123",-0.36964956534559,"X",2012,-0.218587,NA,NA,"predicted",-0.181011548999816,-0.0375754510001838
"124",-0.372098354370952,"X",2013,0.0738459,NA,NA,"predicted",-0.185741923750097,0.259587823750097
"125",-0.31477573893411,"X",2014,0.0104437,NA,NA,"predicted",-0.190227763674237,0.200671463674237
"126",-0.034895590479115,"dfa",2010,0.474934,NA,NA,"predicted",-0.0105130510917178,0.485447051091718
"127",-0.07224208190241,"dfa",2011,-0.448451,NA,NA,"predicted",-0.100807792574236,-0.347643207425764
"128",-0.107243231825274,"dfa",2012,-0.218587,NA,NA,"predicted",-0.0981117731360376,-0.120475226863962
"129",-0.129279272429815,"dfa",2013,0.0738459,NA,NA,"predicted",-0.108900554531446,0.182746454531446
"130",-0.0284161011255697,"dfa",2014,0.0104437,NA,NA,"predicted",-0.0264322494670181,0.0368759494670181
"131",-0.0327117074521406,"dfa",1994,0.3713,0.207673,0.404011707452141,"fitted",-0.00706617415000286,0.378366174150003
"132",-0.0127676158379582,"dfa",1995,0.294065,0.216216,0.306832615837958,"fitted",0.0244120820802989,0.269652917919701
"133",-0.0235287627414162,"dfa",1996,-0.300866,0.299939,-0.277337237258584,"fitted",0.00742749606379085,-0.308293496063791
"134",-0.0220553874865798,"dfa",1997,-0.0262369,0.251351,-0.00418151251342021,"fitted",0.00975296090281808,-0.0359898609028181
"135",0.0527768651853885,"dfa",1998,0.488059,0.196957,0.435282134814611,"fitted",0.127862567937644,0.360196432062356
"136",-0.082525321381747,"dfa",1999,0.39868,0.225575,0.481205321381747,"fitted",-0.0856882409725341,0.484368240972534
"137",-0.0782441243078539,"dfa",2000,0.677969,0.176911,0.756213124307854,"fitted",-0.0789311210620841,0.756900121062084
"138",-0.0908231523947646,"dfa",2001,-0.0174897,0.249959,0.0733334523947646,"fitted",-0.0987849142128572,0.0812952142128572
"139",-0.095113465377833,"dfa",2002,-0.508487,0.287332,-0.413373534622167,"fitted",-0.105556421990266,-0.402930578009734
"140",-0.021130645374488,"dfa",2003,-0.288797,0.242626,-0.267666354625512,"fitted",0.0112125043964054,-0.300009504396405
"141",-0.0407778313456945,"dfa",2004,-0.0738993,0.202608,-0.0331214686543055,"fitted",-0.0197971382699613,-0.0541021617300387
"142",-0.0143097269059559,"dfa",2005,-0.92342,0.306746,-0.909110273094044,"fitted",0.0219781297966675,-0.945398129796668
"143",-0.0507167962607362,"dfa",2006,0.261821,0.160438,0.312537796260736,"fitted",-0.0354840539936701,0.29730505399367
"144",-0.067936394731299,"dfa",2007,-0.806397,0.288319,-0.738460605268701,"fitted",-0.0626621748895781,-0.743734825110422
"145",-0.134975778535649,"dfa",2008,0.399459,0.171487,0.534434778535649,"fitted",-0.168472103121706,0.567931103121706
"146",-0.108340055051273,"dfa",2009,-0.76894,0.307697,-0.660599944948727,"fitted",-0.126432277714509,-0.64250772228549
"147",0.327260918381448,"X",1994,0.3713,0.207673,0.0440390816185522,"fitted",0.235211729832256,0.136088270167744
"148",0.276766296764236,"X",1995,0.294065,0.216216,0.017298703235764,"fitted",0.197153620405747,0.096911379594253
"149",0.226271675147008,"X",1996,-0.300866,0.299939,-0.527137675147008,"fitted",0.159340045805379,-0.460206045805379
"150",0.175777053529744,"X",1997,-0.0262369,0.251351,-0.202013953529744,"fitted",0.122115459814742,-0.148352359814742
"151",0.125282431912421,"X",1998,0.488059,0.196957,0.36277656808758,"fitted",0.0858923818297445,0.402166618170256
"152",0.0747878102950165,"X",1999,0.39868,0.225575,0.323892189704983,"fitted",0.0510996817529604,0.34758031824704
"153",0.0242931886775146,"X",2000,0.677969,0.176911,0.653675811322485,"fitted",0.0181449455546325,0.659824054445368
"154",-0.0262014329400971,"X",2001,-0.0174897,0.249959,0.00871173294009709,"fitted",-0.0126120018225023,-0.00487769817749773
"155",-0.0766960545578249,"X",2002,-0.508487,0.287332,-0.431790945442175,"fitted",-0.0408770265592814,-0.467609973440719
"156",-0.127190676175669,"X",2003,-0.288797,0.242626,-0.161606323824331,"fitted",-0.0664332786422733,-0.222363721357727
"157",-0.177685297793623,"X",2004,-0.0738993,0.202608,0.103785997793623,"fitted",-0.0891482016570929,0.0152489016570929
"158",-0.228179919411674,"X",2005,-0.92342,0.306746,-0.695240080588326,"fitted",-0.108977227992923,-0.814442772007077
"159",-0.278674541029806,"X",2006,0.261821,0.160438,0.540495541029806,"fitted",-0.12596492526058,0.38778592526058
"160",-0.329169162647998,"X",2007,-0.806397,0.288319,-0.477227837352002,"fitted",-0.14024384987445,-0.66615315012555
"161",-0.379663784266226,"X",2008,0.399459,0.171487,0.779122784266226,"fitted",-0.152030851847965,0.551489851847965
"162",-0.43015840588447,"X",2009,-0.76894,0.307697,-0.33878159411553,"fitted",-0.161620065000286,-0.607319934999714
"163",-0.0208272816116718,"BeutiSTIpjuv",1994,0.3713,0.207673,0.392127281611672,"fitted",-0.0167939909076469,0.388093990907647
"164",0.0300010459488935,"BeutiSTIpjuv",1995,0.294065,0.216216,0.264063954051107,"fitted",0.0173201203288018,0.276744879671198
"165",-0.395398235957381,"BeutiSTIpjuv",1996,-0.300866,0.299939,0.094532235957381,"fitted",-0.272441701787655,-0.0284242982123447
"166",0.000957195558672963,"BeutiSTIpjuv",1997,-0.0262369,0.251351,-0.027194095558673,"fitted",-0.00216401827283734,-0.0240728817271627
"167",0.103446068075105,"BeutiSTIpjuv",1998,0.488059,0.196957,0.384612931924895,"fitted",0.0676410690706351,0.420417930929365
"168",0.0111334975991486,"BeutiSTIpjuv",1999,0.39868,0.225575,0.387546502400851,"fitted",0.00466411756159056,0.394015882438409
"169",0.0696561888008046,"BeutiSTIpjuv",2000,0.677969,0.176911,0.608312811199195,"fitted",0.0518000235358577,0.626168976464142
"170",-0.0826070047669284,"BeutiSTIpjuv",2001,-0.0174897,0.249959,0.0651173047669284,"fitted",-0.0338813255358259,0.0163916255358259
"171",0.0824372627327039,"BeutiSTIpjuv",2002,-0.508487,0.287332,-0.590924262732704,"fitted",0.0587887663157169,-0.567275766315717
"172",-0.204625498746637,"BeutiSTIpjuv",2003,-0.288797,0.242626,-0.0841715012533627,"fitted",-0.141418168902344,-0.147378831097656
"173",0.0990926655086108,"BeutiSTIpjuv",2004,-0.0738993,0.202608,-0.172991965508611,"fitted",0.0675463934574607,-0.141445693457461
"174",-0.0170673460713627,"BeutiSTIpjuv",2005,-0.92342,0.306746,-0.906352653928637,"fitted",-0.0142674242849233,-0.909152575715077
"175",-0.105617261068152,"BeutiSTIpjuv",2006,0.261821,0.160438,0.367438261068152,"fitted",-0.0740078822529591,0.335828882252959
"176",-0.143847562382481,"BeutiSTIpjuv",2007,-0.806397,0.288319,-0.662549437617519,"fitted",-0.0999636143667434,-0.706433385633257
"177",-0.0609326057789846,"BeutiSTIpjuv",2008,0.399459,0.171487,0.460391605778985,"fitted",-0.021626764906151,0.421085764906151
"178",-0.188981027840341,"BeutiSTIpjuv",2009,-0.76894,0.307697,-0.579958972159659,"fitted",-0.093787475189399,-0.675152524810601
"179",-0.0063840793453768,"BeutiTUMIpjuv",1994,0.3713,0.207673,0.377684079345377,"fitted",0.00882687163069167,0.362473128369308
"180",-0.0120174871163472,"BeutiTUMIpjuv",1995,0.294065,0.216216,0.306082487116347,"fitted",0.00248112981478772,0.291583870185212
"181",-0.00910402811361845,"BeutiTUMIpjuv",1996,-0.300866,0.299939,-0.291761971886382,"fitted",0.005762990346497,-0.306628990346497
"182",0.00568370876028071,"BeutiTUMIpjuv",1997,-0.0262369,0.251351,-0.0319206087602807,"fitted",0.0224206093326859,-0.0486575093326859
"183",-0.0143654607465472,"BeutiTUMIpjuv",1998,0.488059,0.196957,0.502424460746547,"fitted",-0.000163740759764698,0.488222740759765
"184",-0.0733644596310886,"BeutiTUMIpjuv",1999,0.39868,0.225575,0.472044459631089,"fitted",-0.0666230544799749,0.465303054479975
"185",-0.0318316680555777,"BeutiTUMIpjuv",2000,0.677969,0.176911,0.709800668055578,"fitted",-0.0198385178389364,0.697807517838936
"186",-0.0999135103380673,"BeutiTUMIpjuv",2001,-0.0174897,0.249959,0.0824238103380673,"fitted",-0.0965291837982428,0.0790394837982428
"187",-0.123435057463549,"BeutiTUMIpjuv",2002,-0.508487,0.287332,-0.385051942536451,"fitted",-0.123024987281043,-0.385462012718957
"188",-0.0270619076329145,"BeutiTUMIpjuv",2003,-0.288797,0.242626,-0.261735092367086,"fitted",-0.0144656299887795,-0.274331370011221
"189",-0.0283139884791232,"BeutiTUMIpjuv",2004,-0.0738993,0.202608,-0.0455853115208768,"fitted",-0.0158760341537345,-0.0580232658462655
"190",-0.0240641619923171,"BeutiTUMIpjuv",2005,-0.92342,0.306746,-0.899355838007683,"fitted",-0.0110888249288322,-0.912331175071168
"191",-0.0765118265151067,"BeutiTUMIpjuv",2006,0.261821,0.160438,0.338332826515107,"fitted",-0.0701684001150523,0.331989400115052
"192",-0.0511880910049174,"BeutiTUMIpjuv",2007,-0.806397,0.288319,-0.755208908995083,"fitted",-0.0416425248490886,-0.764754475150911
"193",-0.14939958770241,"BeutiTUMIpjuv",2008,0.399459,0.171487,0.54885858770241,"fitted",-0.152272684599085,0.551731684599085
"194",-0.10190829462332,"BeutiTUMIpjuv",2009,-0.76894,0.307697,-0.66703170537668,"fitted",-0.0987762048861064,-0.670163795113893
"195",-0.0408514904179458,"CutiTUMIpjuv",1994,0.3713,0.207673,0.412151490417946,"fitted",-0.0371200289922276,0.408420028992228
"196",-0.0362439384673215,"CutiTUMIpjuv",1995,0.294065,0.216216,0.330308938467322,"fitted",-0.0332589544606888,0.327323954460689
"197",-0.0456980148449035,"CutiTUMIpjuv",1996,-0.300866,0.299939,-0.255167985155097,"fitted",-0.0411813596576501,-0.25968464034235
"198",-0.0208030643702707,"CutiTUMIpjuv",1997,-0.0262369,0.251351,-0.00543383562972933,"fitted",-0.0203196829415178,-0.00591721705848219
"199",-0.0473560134262771,"CutiTUMIpjuv",1998,0.488059,0.196957,0.535415013426277,"fitted",-0.0425707430359273,0.530629743035927
"200",-0.0539238365663772,"CutiTUMIpjuv",1999,0.39868,0.225575,0.452603836566377,"fitted",-0.0480745018472014,0.446754501847201
"201",-0.0459088216668648,"CutiTUMIpjuv",2000,0.677969,0.176911,0.723877821666865,"fitted",-0.0413580133036522,0.719327013303652
"202",-0.0625297493873008,"CutiTUMIpjuv",2001,-0.0174897,0.249959,0.0450400493873008,"fitted",-0.0552861559215063,0.0377964559215063
"203",-0.0686196275728816,"CutiTUMIpjuv",2002,-0.508487,0.287332,-0.439867372427118,"fitted",-0.0603894024608932,-0.448097597539107
"204",-0.0558751063655312,"CutiTUMIpjuv",2003,-0.288797,0.242626,-0.232921893634469,"fitted",-0.0497096430682633,-0.239087356931737
"205",-0.0602750455312497,"CutiTUMIpjuv",2004,-0.0738993,0.202608,-0.0136242544687503,"fitted",-0.0533967405175983,-0.0205025594824017
"206",-0.0564921373636392,"CutiTUMIpjuv",2005,-0.92342,0.306746,-0.866927862636361,"fitted",-0.050226707812504,-0.873193292187496
"207",-0.0853932886070429,"CutiTUMIpjuv",2006,0.261821,0.160438,0.347214288607043,"fitted",-0.0744455337994765,0.336266533799476
"208",-0.0413282739006459,"CutiTUMIpjuv",2007,-0.806397,0.288319,-0.765068726099354,"fitted",-0.0375195679625421,-0.768877432037458
"209",-0.0558210979973186,"CutiTUMIpjuv",2008,0.399459,0.171487,0.455280097997319,"fitted",-0.0496643846887287,0.449123384688729
"210",-0.0460603935144296,"CutiTUMIpjuv",2009,-0.76894,0.307697,-0.72287960648557,"fitted",-0.0414850287353841,-0.727454971264616
"211",0.111351158837455,"CutiSTIpjuv",1994,0.3713,0.207673,0.259948841162545,"fitted",0.0927920695698721,0.278507930430128
"212",0.220419355246131,"CutiSTIpjuv",1995,0.294065,0.216216,0.0736456447538693,"fitted",0.189941759984939,0.104123240015061
"213",-0.632638651524157,"CutiSTIpjuv",1996,-0.300866,0.299939,0.331772651524157,"fitted",-0.547048204181366,0.246182204181366
"214",-0.0147585687171404,"CutiSTIpjuv",1997,-0.0262369,0.251351,-0.0114783312828596,"fitted",-0.0176913742869557,-0.00854552571304432
"215",0.261452905828717,"CutiSTIpjuv",1998,0.488059,0.196957,0.226606094171283,"fitted",0.231631407253289,0.256427592746711
"216",0.201045048686889,"CutiSTIpjuv",1999,0.39868,0.225575,0.197634951313111,"fitted",0.172481463058152,0.226198536941848
"217",0.141209078043672,"CutiSTIpjuv",2000,0.677969,0.176911,0.536759921956328,"fitted",0.138370537922143,0.539598462077857
"218",-0.140905858912928,"CutiSTIpjuv",2001,-0.0174897,0.249959,0.123416158912928,"fitted",-0.0889636335667158,0.0714739335667158
"219",0.0217383102396914,"CutiSTIpjuv",2002,-0.508487,0.287332,-0.530225310239691,"fitted",0.0424152783375557,-0.550902278337556
"220",-0.0821314941031856,"CutiSTIpjuv",2003,-0.288797,0.242626,-0.206665505896814,"fitted",-0.0761895531755172,-0.212607446824483
"221",0.177271661376033,"CutiSTIpjuv",2004,-0.0738993,0.202608,-0.251170961376033,"fitted",0.167068201433666,-0.240967501433666
"222",-0.818559214425301,"CutiSTIpjuv",2005,-0.92342,0.306746,-0.104860785574699,"fitted",-0.704737981031109,-0.218682018968891
"223",0.151800755260809,"CutiSTIpjuv",2006,0.261821,0.160438,0.110020244739191,"fitted",0.128571644073969,0.133249355926031
"224",0.00630691005018953,"CutiSTIpjuv",2007,-0.806397,0.288319,-0.81270391005019,"fitted",0.000666990106653623,-0.807063990106654
"225",-0.103052447303588,"CutiSTIpjuv",2008,0.399459,0.171487,0.502511447303588,"fitted",-0.0583692360291898,0.45782823602919
"226",-0.323728848583286,"CutiSTIpjuv",2009,-0.76894,0.307697,-0.445211151416714,"fitted",-0.236331332635824,-0.532608667364176
"227",-0.0509320220169835,"PDOpjuv",1994,0.3713,0.207673,0.422232022016984,"fitted",-0.0562951185669323,0.427595118566932
"228",-0.200574666645817,"PDOpjuv",1995,0.294065,0.216216,0.494639666645817,"fitted",-0.138169867711879,0.432234867711879
"229",-0.175496433407484,"PDOpjuv",1996,-0.300866,0.299939,-0.125369566592516,"fitted",-0.124448685074955,-0.176417314925045
"230",-0.302265524453966,"PDOpjuv",1997,-0.0262369,0.251351,0.276028624453966,"fitted",-0.193808509392219,0.167571609392219
"231",-0.0553413817169732,"PDOpjuv",1998,0.488059,0.196957,0.543400381716973,"fitted",-0.0587076341956624,0.546766634195662
"232",0.14804033470999,"PDOpjuv",1999,0.39868,0.225575,0.25063966529001,"fitted",0.0525696491869484,0.346110350813052
"233",0.0452471365169907,"PDOpjuv",2000,0.677969,0.176911,0.632721863483009,"fitted",-0.00367212141308973,0.68164112141309
"234",0.0769394094118771,"PDOpjuv",2001,-0.0174897,0.249959,-0.0944291094118771,"fitted",0.0136678346698514,-0.0311575346698514
"235",0.0124525237066946,"PDOpjuv",2002,-0.508487,0.287332,-0.520939523706695,"fitted",-0.0216152064029355,-0.486871793597065
"236",-0.120379437249774,"PDOpjuv",2003,-0.288797,0.242626,-0.168417562750226,"fitted",-0.0942922397182997,-0.1945047602817
"237",-0.0729788205133182,"PDOpjuv",2004,-0.0738993,0.202608,-0.000920479486681794,"fitted",-0.0683576967104852,-0.00554160328951483
"238",-0.122032947135199,"PDOpjuv",2005,-0.92342,0.306746,-0.801387052864801,"fitted",-0.0951969330790178,-0.828223066920982
"239",-0.0798684450415527,"PDOpjuv",2006,0.261821,0.160438,0.341689445041553,"fitted",-0.0721272523802951,0.333948252380295
"240",-0.0969547138677286,"PDOpjuv",2007,-0.806397,0.288319,-0.709442286132271,"fitted",-0.0814757504413205,-0.72492124955868
"241",0.128749385984384,"PDOpjuv",2008,0.399459,0.171487,0.270709614015616,"fitted",0.0420148933101838,0.357444106689816
"242",0.0422157017188614,"PDOpjuv",2009,-0.76894,0.307697,-0.811155701718861,"fitted",-0.00533072590796494,-0.763609274092035
"243",-0.0354636042365607,"PDOlarv",1994,0.3713,0.207673,0.406763604236561,"fitted",-0.00541715131684815,0.376717151316848
"244",-0.0196432599764934,"PDOlarv",1995,0.294065,0.216216,0.313708259976493,"fitted",0.0170460902634861,0.277018909736514
"245",0.00634730559345697,"PDOlarv",1996,-0.300866,0.299939,-0.307213305593457,"fitted",0.0539499871445758,-0.354815987144576
"246",-0.0230333337465012,"PDOlarv",1997,-0.0262369,0.251351,-0.00320356625349883,"fitted",0.0122325384963084,-0.0384694384963084
"247",0.0820589531226352,"PDOlarv",1998,0.488059,0.196957,0.406000046877365,"fitted",0.161452643272715,0.326606356727285
"248",-0.109668552314558,"PDOlarv",1999,0.39868,0.225575,0.508348552314557,"fitted",-0.110780451115967,0.509460451115967
"249",-0.104395104227749,"PDOlarv",2000,0.677969,0.176911,0.782364104227749,"fitted",-0.103292703921858,0.781261703921858
"250",-0.0433737763666246,"PDOlarv",2001,-0.0174897,0.249959,0.0258840763666246,"fitted",-0.0166487721071829,-0.000840927892817138
"251",-0.10891520258787,"PDOlarv",2002,-0.508487,0.287332,-0.39957179741213,"fitted",-0.109710772945378,-0.398776227054622
"252",0.0523016389196921,"PDOlarv",2003,-0.288797,0.242626,-0.341098638919692,"fitted",0.119200355541127,-0.407997355541127
"253",-0.0456338255466467,"PDOlarv",2004,-0.0738993,0.202608,-0.0282654744533533,"fitted",-0.019857806618728,-0.054041493381272
"254",-0.0200199348398274,"PDOlarv",2005,-0.92342,0.306746,-0.903400065160173,"fitted",0.0165112511782451,-0.939931251178245
"255",-0.0445038009566354,"PDOlarv",2006,0.261821,0.160438,0.306324800956635,"fitted",-0.0182532893629542,0.280074289362954
"256",-0.0908348091474124,"PDOlarv",2007,-0.806397,0.288319,-0.715562190852588,"fitted",-0.0840384968514489,-0.722358503148551
"257",-0.138672516792095,"PDOlarv",2008,0.399459,0.171487,0.538131516792095,"fitted",-0.151963060684039,0.551422060684039
"258",-0.179730076896811,"PDOlarv",2009,-0.76894,0.307697,-0.589209923103189,"fitted",-0.210260520982422,-0.558679479017578
"259",-0.175666690704138,"ONIpjuv",1994,0.3713,0.207673,0.546966690704138,"fitted",-0.17701412309465,0.54831412309465
"260",-0.0441621197015686,"ONIpjuv",1995,0.294065,0.216216,0.338227119701569,"fitted",-0.0521290114935811,0.346194011493581
"261",0.0232477864650092,"ONIpjuv",1996,-0.300866,0.299939,-0.324113786465009,"fitted",0.0118877265875778,-0.312753726587578
"262",-0.382316730767244,"ONIpjuv",1997,-0.0262369,0.251351,0.356079830767244,"fitted",-0.373262154865553,0.347025254865553
"263",-0.0320062349840853,"ONIpjuv",1998,0.488059,0.196957,0.520065234984085,"fitted",-0.0405850095541407,0.528644009554141
"264",0.225477505022067,"ONIpjuv",1999,0.39868,0.225575,0.173202494977933,"fitted",0.203937941331039,0.194742058668961
"265",0.113311841443833,"ONIpjuv",2000,0.677969,0.176911,0.564657158556167,"fitted",0.0974182866463023,0.580550713353698
"266",-0.0137724079069346,"ONIpjuv",2001,-0.0174897,0.249959,-0.00371729209306535,"fitted",-0.0232690066367086,0.00577930663670859
"267",-0.226500390405451,"ONIpjuv",2002,-0.508487,0.287332,-0.28198660959455,"fitted",-0.225289040059328,-0.283197959940672
"268",-0.0552129239897488,"ONIpjuv",2003,-0.288797,0.242626,-0.233584076010251,"fitted",-0.0626235587072933,-0.226173441292707
"269",-0.160195564706717,"ONIpjuv",2004,-0.0738993,0.202608,0.0862962647067173,"fitted",-0.162321757049817,0.0884224570498165
"270",-0.0994161411382363,"ONIpjuv",2005,-0.92342,0.306746,-0.824003858861764,"fitted",-0.104601747523792,-0.818818252476208
"271",-0.0568705446329392,"ONIpjuv",2006,0.261821,0.160438,0.318691544632939,"fitted",-0.0641977407890199,0.32601874078902
"272",0.0757391068493966,"ONIpjuv",2007,-0.806397,0.288319,-0.882136106849397,"fitted",0.0617368259906637,-0.868133825990664
"273",0.104471198009634,"ONIpjuv",2008,0.399459,0.171487,0.294987801990366,"fitted",0.0890226488431726,0.310436351156827
"274",-0.119307588852878,"ONIpjuv",2009,-0.76894,0.307697,-0.649632411147122,"fitted",-0.123491932471447,-0.645448067528553
"275",-0.299190099985944,"ONIpre",1994,0.3713,0.207673,0.670490099985944,"fitted",-0.178318716883611,0.549618716883611
"276",-0.267243040399313,"ONIpre",1995,0.294065,0.216216,0.561308040399313,"fitted",-0.11246064480684,0.40652564480684
"277",0.0322984597625515,"ONIpre",1996,-0.300866,0.299939,-0.333164459762552,"fitted",-0.0438941642228462,-0.256971835777154
"278",-0.164127258567245,"ONIpre",1997,-0.0262369,0.251351,0.137890358567245,"fitted",-0.135134642888954,0.108897742888954
"279",0.379574933742781,"ONIpre",1998,0.488059,0.196957,0.108484066257219,"fitted",0.372950059326309,0.115108940673691
"280",0.36634306237474,"ONIpre",1999,0.39868,0.225575,0.0323369376252601,"fitted",0.124875369731778,0.273804630268222
"281",0.392086017522668,"ONIpre",2000,0.677969,0.176911,0.285882982477332,"fitted",0.138125355846061,0.539843644153939
"282",-0.053717081120631,"ONIpre",2001,-0.0174897,0.249959,0.036227381120631,"fitted",-0.0852464426020554,0.0677567426020554
"283",-0.237481953512479,"ONIpre",2002,-0.508487,0.287332,-0.271005046487521,"fitted",-0.163918252664688,-0.344568747335312
"284",-0.210726202147747,"ONIpre",2003,-0.288797,0.242626,-0.0780707978522528,"fitted",-0.0633565296929929,-0.225440470307007
"285",-0.310664912707454,"ONIpre",2004,-0.0738993,0.202608,0.236765612707454,"fitted",-0.174180245987923,0.100280945987923
"286",-0.288831073720081,"ONIpre",2005,-0.92342,0.306746,-0.634588926279919,"fitted",-0.133870967743791,-0.789549032256209
"287",-0.11759755545355,"ONIpre",2006,0.261821,0.160438,0.37941855545355,"fitted",-0.114723348325105,0.376544348325105
"288",-0.305411924566064,"ONIpre",2007,-0.806397,0.288319,-0.500985075433936,"fitted",-0.153996944719738,-0.652400055280262
"289",0.351638152204246,"ONIpre",2008,0.399459,0.171487,0.0478208477957544,"fitted",0.117313114626487,0.282145885373513
"290",-0.0901294234264775,"ONIpre",2009,-0.76894,0.307697,-0.678810576573522,"fitted",-0.102215367460777,-0.666724632539223
"291",-0.0360711233350678,"HCIpjuv",1994,0.3713,0.207673,0.407371123335068,"fitted",-0.0323510861066412,0.403651086106641
"292",-0.0424394532392842,"HCIpjuv",1995,0.294065,0.216216,0.336504453239284,"fitted",-0.0736706249824901,0.36773562498249
"293",-0.0459317631848486,"HCIpjuv",1996,-0.300866,0.299939,-0.254934236815151,"fitted",-0.0903170544774917,-0.210548945522508
"294",-0.0288336665179011,"HCIpjuv",1997,-0.0262369,0.251351,0.00259676651790111,"fitted",0.0236316829290121,-0.0498685829290121
"295",-0.0321363487774439,"HCIpjuv",1998,0.488059,0.196957,0.520195348777444,"fitted",-0.00245871001143828,0.490517710011438
"296",-0.0716263150377424,"HCIpjuv",1999,0.39868,0.225575,0.470306315037742,"fitted",-0.0293891699396147,0.428069169939615
"297",-0.0535010684454238,"HCIpjuv",2000,0.677969,0.176911,0.731470068445424,"fitted",-0.106548958890889,0.784517958890889
"298",-0.0705833627501055,"HCIpjuv",2001,-0.0174897,0.249959,0.0530936627501055,"fitted",-0.0374793079225965,0.0199896079225965
"299",-0.0701092935284214,"HCIpjuv",2002,-0.508487,0.287332,-0.438377706471579,"fitted",-0.0410481475369127,-0.467438852463087
"300",-0.0443199278255579,"HCIpjuv",2003,-0.288797,0.242626,-0.244477072174442,"fitted",-0.0832744843907703,-0.20552251560923
"301",-0.0291339103596815,"HCIpjuv",2004,-0.0738993,0.202608,-0.0447653896403185,"fitted",0.0212485326105125,-0.0951478326105125
"302",-0.0376987610032319,"HCIpjuv",2005,-0.92342,0.306746,-0.885721238996768,"fitted",-0.0439561403380516,-0.879463859661948
"303",-0.0524739184627771,"HCIpjuv",2006,0.261821,0.160438,0.314294918462777,"fitted",-0.106095039344054,0.367916039344054
"304",-0.0572936222260531,"HCIpjuv",2007,-0.806397,0.288319,-0.749103377773947,"fitted",-0.103321784173291,-0.703075215826709
"305",-0.0827511394354143,"HCIpjuv",2008,0.399459,0.171487,0.482210139435414,"fitted",0.0694254504886692,0.330033549511331
"306",-0.0682762258710456,"HCIpjuv",2009,-0.76894,0.307697,-0.700663774128954,"fitted",-0.0541496175269784,-0.714790382473022
"307",-0.019584923467705,"HCIlarv",1994,0.3713,0.207673,0.390884923467705,"fitted",0.0216643403286642,0.349635659671336
"308",-0.00558062773429895,"HCIlarv",1995,0.294065,0.216216,0.299645627734299,"fitted",0.0456772158695717,0.248387784130428
"309",0.008180818939879,"HCIlarv",1996,-0.300866,0.299939,-0.309046818939879,"fitted",0.0692736831635777,-0.370139683163578
"310",-0.0522076470565001,"HCIlarv",1997,-0.0262369,0.251351,0.0259707470565001,"fitted",-0.0342731674377056,0.00803626743770559
"311",0.0224279637318488,"HCIlarv",1998,0.488059,0.196957,0.465631036268151,"fitted",0.0937029669500771,0.394356033049923
"312",-0.119638735772851,"HCIlarv",1999,0.39868,0.225575,0.518318735772851,"fitted",-0.149895857204545,0.548575857204545
"313",-0.061435911298026,"HCIlarv",2000,0.677969,0.176911,0.739404911298026,"fitted",-0.050096680801965,0.728065680801965
"314",-0.0765735026420782,"HCIlarv",2001,-0.0174897,0.249959,0.0590838026420782,"fitted",-0.076052794830342,0.058563094830342
"315",-0.110734270275745,"HCIlarv",2002,-0.508487,0.287332,-0.397752729724255,"fitted",-0.134627554833648,-0.373859445166352
"316",0.0131187498052842,"HCIlarv",2003,-0.288797,0.242626,-0.301915749805284,"fitted",0.0777406508395931,-0.366537650839593
"317",-0.028408439276817,"HCIlarv",2004,-0.0738993,0.202608,-0.045490860723183,"fitted",0.00653484071000243,-0.0804341407100024
"318",-0.00873766550076009,"HCIlarv",2005,-0.92342,0.306746,-0.91468233449924,"fitted",0.0402639086667659,-0.963683908666766
"319",-0.0519647979975158,"HCIlarv",2006,0.261821,0.160438,0.313785797997516,"fitted",-0.0338567591912844,0.295677759191284
"320",-0.0926015405363379,"HCIlarv",2007,-0.806397,0.288319,-0.713795459463662,"fitted",-0.103535739096859,-0.702861260903141
"321",-0.119719685459189,"HCIlarv",2008,0.399459,0.171487,0.519178685459189,"fitted",-0.150034659953372,0.549493659953372
"322",-0.119719685459189,"HCIlarv",2009,-0.76894,0.307697,-0.649220314540811,"fitted",-0.150034659953372,-0.618905340046628
"323",-0.0441698705642759,"LSTpjuv",1994,0.3713,0.207673,0.415469870564276,"fitted",-0.0378187867590029,0.409118786759003
"324",-0.0424076690373474,"LSTpjuv",1995,0.294065,0.216216,0.336472669037347,"fitted",-0.0365109954836771,0.330575995483677
"325",-0.0434008955412942,"LSTpjuv",1996,-0.300866,0.299939,-0.257465104458706,"fitted",-0.0372481035479121,-0.263617896452088
"326",-0.07717671307499,"LSTpjuv",1997,-0.0262369,0.251351,0.05093981307499,"fitted",-0.0623143169050326,0.0360774169050326
"327",-0.0717815047015901,"LSTpjuv",1998,0.488059,0.196957,0.55984050470159,"fitted",-0.0583103444182635,0.546369344418263
"328",-0.0280923478883582,"LSTpjuv",1999,0.39868,0.225575,0.426772347888358,"fitted",-0.0258870958781485,0.424567095878148
"329",-0.0421887819445964,"LSTpjuv",2000,0.677969,0.176911,0.720157781944596,"fitted",-0.036348551730327,0.714317551730327
"330",-0.0473866986491946,"LSTpjuv",2001,-0.0174897,0.249959,0.0298969986491946,"fitted",-0.0402061071868341,0.0227164071868341
"331",-0.0277055855252914,"LSTpjuv",2002,-0.508487,0.287332,-0.480781414474709,"fitted",-0.0256000660257198,-0.48288693397428
"332",-0.0569180007362295,"LSTpjuv",2003,-0.288797,0.242626,-0.231878999263771,"fitted",-0.0472796192204576,-0.241517380779542
"333",-0.0518876835628855,"LSTpjuv",2004,-0.0738993,0.202608,-0.0220116164371145,"fitted",-0.0435464452291772,-0.0303528547708228
"334",-0.065419766429272,"LSTpjuv",2005,-0.92342,0.306746,-0.858000233570728,"fitted",-0.0535890763502442,-0.869830923649756
"335",-0.0712317050446918,"LSTpjuv",2006,0.261821,0.160438,0.333052705044692,"fitted",-0.0579023188987275,0.319723318898728
"336",-0.0397635395281535,"LSTpjuv",2007,-0.806397,0.288319,-0.766633460471847,"fitted",-0.0345486946625549,-0.771848305337445
"337",-0.0531524383521592,"LSTpjuv",2008,0.399459,0.171487,0.452611438352159,"fitted",-0.0444850639131356,0.443944063913136
"338",-0.0604966994196705,"LSTpjuv",2009,-0.76894,0.307697,-0.708443300580329,"fitted",-0.0499354964513127,-0.719004503548687
"339",-0.116339376767942,"LSTlarv",1994,0.3713,0.207673,0.487639376767942,"fitted",-0.150781822880946,0.522081822880946
"340",0.0316386957086718,"LSTlarv",1995,0.294065,0.216216,0.262426304291328,"fitted",0.025354898605876,0.268710101394124
"341",-0.191246595612226,"LSTlarv",1996,-0.300866,0.299939,-0.109619404387774,"fitted",-0.234991948936286,-0.0658740510637144
"342",-0.0248573634731296,"LSTlarv",1997,-0.0262369,0.251351,-0.00137953652687042,"fitted",0.00468806733909169,-0.0309249673390917
"343",0.447358759751765,"LSTlarv",1998,0.488059,0.196957,0.0407002402482347,"fitted",0.521002825482387,-0.0329438254823868
"344",0.328989632237204,"LSTlarv",1999,0.39868,0.225575,0.0696903677627963,"fitted",0.379994696020094,0.0186853039799058
"345",-0.13387923104491,"LSTlarv",2000,0.677969,0.176911,0.81184823104491,"fitted",-0.171483528943268,0.849452528943268
"346",-0.183340889361368,"LSTlarv",2001,-0.0174897,0.249959,0.165851189361368,"fitted",-0.222966587179037,0.205476887179037
"347",-0.150097810672117,"LSTlarv",2002,-0.508487,0.287332,-0.358389189327883,"fitted",-0.175676138461791,-0.332810861538209
"348",-0.177266923907554,"LSTlarv",2003,-0.288797,0.242626,-0.111530076092446,"fitted",-0.214196005765996,-0.0746009942340041
"349",-0.129156076957697,"LSTlarv",2004,-0.0738993,0.202608,0.0552567769576967,"fitted",-0.146033795323885,0.072134495323885
"350",-0.0656874886793822,"LSTlarv",2005,-0.92342,0.306746,-0.857732511320618,"fitted",-0.0906964568708076,-0.832723543129192
"351",-0.131812304836266,"LSTlarv",2006,0.261821,0.160438,0.393633304836266,"fitted",-0.169047478814188,0.430868478814188
"352",-0.186520837967122,"LSTlarv",2007,-0.806397,0.288319,-0.619876162032878,"fitted",-0.232397858667513,-0.573999141332487
"353",0.00173386283717189,"LSTlarv",2008,0.399459,0.171487,0.397725137162828,"fitted",0.044271995374926,0.355187004625074
"354",-0.142695951255098,"LSTlarv",2009,-0.76894,0.307697,-0.626244048744902,"fitted",-0.181861885465833,-0.587078114534167
"355",-0.195408283076956,"CSTpjuv",1994,0.3713,0.207673,0.566708283076956,"fitted",-0.0384459380641064,0.409745938064106
"356",0.376652741990763,"CSTpjuv",1995,0.294065,0.216216,-0.082587741990763,"fitted",0.0621950891075644,0.231869910892436
"357",0.0609745494205053,"CSTpjuv",1996,-0.300866,0.299939,-0.361840549420505,"fitted",0.0124871127271025,-0.313353112727103
"358",-0.239263284633925,"CSTpjuv",1997,-0.0262369,0.251351,0.213026384633925,"fitted",-0.071317397847965,0.045080497847965
"359",0.00378561224015328,"CSTpjuv",1998,0.488059,0.196957,0.484273387759847,"fitted",-0.0879483279271647,0.576007327927165
"360",-0.0386347793790864,"CSTpjuv",1999,0.39868,0.225575,0.437314779379086,"fitted",-0.00480470391364669,0.403484703913647
"361",0.197090572144554,"CSTpjuv",2000,0.677969,0.176911,0.480878427855446,"fitted",0.03442136554503,0.64354763445497
"362",-0.237753052327854,"CSTpjuv",2001,-0.0174897,0.249959,0.220263352327854,"fitted",-0.0719161538081141,0.0544264538081141
"363",-0.245027175751456,"CSTpjuv",2002,-0.508487,0.287332,-0.263459824248544,"fitted",-0.0586163849813355,-0.449870615018665
"364",0.065341574320655,"CSTpjuv",2003,-0.288797,0.242626,-0.354138574320655,"fitted",-0.0873376698469028,-0.201459330153097
"365",-0.244675571347219,"CSTpjuv",2004,-0.0738993,0.202608,0.170776271347219,"fitted",-0.0683855098858595,-0.00551379011414055
"366",-0.223734913318569,"CSTpjuv",2005,-0.92342,0.306746,-0.699685086681431,"fitted",-0.0758231032257003,-0.8475968967743
"367",0.315647611091555,"CSTpjuv",2006,0.261821,0.160438,-0.0538266110915551,"fitted",-0.0777252446862811,0.339546244686281
"368",-0.150032802404928,"CSTpjuv",2007,-0.806397,0.288319,-0.656364197595072,"fitted",-0.0271135893214341,-0.779283410678566
"369",-0.0233461079871794,"CSTpjuv",2008,0.399459,0.171487,0.422805107987179,"fitted",-0.0879218449867004,0.4873808449867
"370",-0.244796590981014,"CSTpjuv",2009,-0.76894,0.307697,-0.524143409018986,"fitted",-0.0583990548960705,-0.71054094510393
"371",-0.0591148750816061,"CSTlarv",1994,0.3713,0.207673,0.430414875081606,"fitted",-0.0461156549089522,0.417415654908952
"372",-0.0607851367226211,"CSTlarv",1995,0.294065,0.216216,0.354850136722621,"fitted",-0.0464879360566204,0.34055293605662
"373",-0.0323220785620491,"CSTlarv",1996,-0.300866,0.299939,-0.268543921437951,"fitted",-0.0401438641534607,-0.260722135846539
"374",-0.0320142406639988,"CSTlarv",1997,-0.0262369,0.251351,0.00577734066399881,"fitted",-0.0400752508039389,0.0138383508039389
"375",-0.0781445112444652,"CSTlarv",1998,0.488059,0.196957,0.566203511244465,"fitted",-0.0503571309865549,0.538416130986555
"376",-0.0375985011813568,"CSTlarv",1999,0.39868,0.225575,0.436278501181357,"fitted",-0.0413199150287459,0.439999915028746
"377",-0.0582142780535484,"CSTlarv",2000,0.677969,0.176911,0.736183278053548,"fitted",-0.0459149227081246,0.723883922708125
"378",-0.0743579513894448,"CSTlarv",2001,-0.0174897,0.249959,0.0568682513894448,"fitted",-0.0495131525253581,0.0320234525253581
"379",-0.0604123216922338,"CSTlarv",2002,-0.508487,0.287332,-0.448074678307766,"fitted",-0.0464048400889115,-0.462082159911089
"380",-0.0456957697596629,"CSTlarv",2003,-0.288797,0.242626,-0.243101230240337,"fitted",-0.043124698399908,-0.245672301600092
"381",-0.0349960622284502,"CSTlarv",2004,-0.0738993,0.202608,-0.0389032377715498,"fitted",-0.040739862817341,-0.033159437182659
"382",-0.0815184313750787,"CSTlarv",2005,-0.92342,0.306746,-0.841901568624921,"fitted",-0.0511091370366766,-0.872310862963323
"383",-0.060500494962164,"CSTlarv",2006,0.261821,0.160438,0.322321494962164,"fitted",-0.0464244928458918,0.308245492845892
"384",-0.0392974086550094,"CSTlarv",2007,-0.806397,0.288319,-0.767099591344991,"fitted",-0.0416985809859547,-0.764698419014045
"385",-0.0190246830937958,"CSTlarv",2008,0.399459,0.171487,0.418483683093796,"fitted",-0.0371800353051632,0.436639035305163
"386",-0.0491831553345149,"CSTlarv",2009,-0.76894,0.307697,-0.719756844665485,"fitted",-0.0439019945258732,-0.725038005474127
"387",0.0293322536963137,"MLDpjuv",1994,0.3713,0.207673,0.341967746303686,"fitted",-0.0260603530991145,0.397360353099115
"388",-0.0128925290245561,"MLDpjuv",1995,0.294065,0.216216,0.306957529024556,"fitted",-0.034346673615851,0.328411673615851
"389",-0.187591767446334,"MLDpjuv",1996,-0.300866,0.299939,-0.113274232553666,"fitted",-0.0686301865126192,-0.232235813487381
"390",0.102513038817252,"MLDpjuv",1997,-0.0262369,0.251351,-0.128749938817252,"fitted",-0.0116991319825038,-0.0145377680174962
"391",-0.074705103419338,"MLDpjuv",1998,0.488059,0.196957,0.562764103419338,"fitted",-0.0464769622828082,0.534535962282808
"392",-0.206682407048123,"MLDpjuv",1999,0.39868,0.225575,0.605362407048123,"fitted",-0.0723765920187823,0.471056592018782
"393",0.10022613928228,"MLDpjuv",2000,0.677969,0.176911,0.57774286071772,"fitted",-0.0121479201424053,0.690116920142405
"394",-0.0870013313557283,"MLDpjuv",2001,-0.0174897,0.249959,0.0695116313557283,"fitted",-0.0488900116634555,0.0314003116634555
"395",-0.0738102296880885,"MLDpjuv",2002,-0.508487,0.287332,-0.434676770311912,"fitted",-0.0463013495246368,-0.462185650475363
"396",0.00159116803139121,"MLDpjuv",2003,-0.288797,0.242626,-0.290388168031391,"fitted",-0.0315043486035197,-0.25729265139648
"397",0.138440561946714,"MLDpjuv",2004,-0.0738993,0.202608,-0.212339861946714,"fitted",-0.00464860494857521,-0.0692506950514248
"398",-0.315459280616224,"MLDpjuv",2005,-0.92342,0.306746,-0.607960719383776,"fitted",-0.0937232983898333,-0.829696701610167
"399",-0.133700482738808,"MLDpjuv",2006,0.261821,0.160438,0.395521482738808,"fitted",-0.0580543959681404,0.31987539596814
"400",0.0280728017785026,"MLDpjuv",2007,-0.806397,0.288319,-0.834469801778503,"fitted",-0.0263075117958448,-0.780089488204155
"401",-0.0921054259709904,"MLDpjuv",2008,0.399459,0.171487,0.49156442597099,"fitted",-0.0498916548025839,0.449350654802584
"402",-0.0394073062442633,"MLDpjuv",2009,-0.76894,0.307697,-0.729532693755737,"fitted",-0.0395500145992556,-0.729389985400744
"403",-0.0600697002283168,"MLDlarv",1994,0.3713,0.207673,0.431369700228317,"fitted",-0.0497988038508112,0.421098803850811
"404",-0.0941393709215338,"MLDlarv",1995,0.294065,0.216216,0.388204370921534,"fitted",-0.0793079595222275,0.373372959522227
"405",-0.0854302451056705,"MLDlarv",1996,-0.300866,0.299939,-0.21543575489433,"fitted",-0.0717924424288867,-0.229073557571113
"406",-0.256370604293557,"MLDlarv",1997,-0.0262369,0.251351,0.230133704293557,"fitted",-0.217167526481243,0.190930626481243
"407",0.640123827742736,"MLDlarv",1998,0.488059,0.196957,-0.152064827742736,"fitted",0.652338892332432,-0.164279892332432
"408",0.39885939737277,"MLDlarv",1999,0.39868,0.225575,-0.000179397372770229,"fitted",0.38814901228885,0.0105309877111501
"409",-0.105584865485922,"MLDlarv",2000,0.677969,0.176911,0.783553865485922,"fitted",-0.089157996911641,0.767126996911641
"410",-0.190352371717789,"MLDlarv",2001,-0.0174897,0.249959,0.172862671717789,"fitted",-0.161384778352795,0.143895078352795
"411",-0.258796565471114,"MLDlarv",2002,-0.508487,0.287332,-0.249690434528886,"fitted",-0.219215351302408,-0.289271648697592
"412",-0.0736941755781152,"MLDlarv",2003,-0.288797,0.242626,-0.215102824421885,"fitted",-0.0616352313164421,-0.227161768683558
"413",-0.148978043327755,"MLDlarv",2004,-0.0738993,0.202608,0.0750787433277549,"fitted",-0.126264582670187,0.0523652826701873
"414",-0.233399518041415,"MLDlarv",2005,-0.92342,0.306746,-0.690020481958585,"fitted",-0.197774625424803,-0.725645374575197
"415",0.0590104330216679,"MLDlarv",2006,0.261821,0.160438,0.202810566978332,"fitted",0.0560123046472984,0.205808695352702
"416",-0.145635844642296,"MLDlarv",2007,-0.806397,0.288319,-0.660761155357704,"fitted",-0.123418106168817,-0.682978893831183
"417",-0.14955531086249,"MLDlarv",2008,0.399459,0.171487,0.54901431086249,"fitted",-0.126756060627256,0.526215060627256
"418",-0.119166942461199,"MLDlarv",2009,-0.76894,0.307697,-0.649773057538801,"fitted",-0.100810120143693,-0.668129879856307
"419",-0.136860281654205,"MLDpart",1994,0.3713,0.207673,0.508160281654205,"fitted",-0.105441047530296,0.476741047530296
"420",-0.034887772851479,"MLDpart",1995,0.294065,0.216216,0.328952772851479,"fitted",-0.010002131957545,0.304067131957545
"421",-0.0284769895480757,"MLDpart",1996,-0.300866,0.299939,-0.272389010451924,"fitted",-0.00400210103121754,-0.296863898968783
"422",-0.182114727338874,"MLDpart",1997,-0.0262369,0.251351,0.155877827338874,"fitted",-0.147795945646357,0.121559045646357
"423",0.646353570943835,"MLDpart",1998,0.488059,0.196957,-0.158294570943835,"fitted",0.62759064536592,-0.13953164536592
"424",0.121609728695085,"MLDpart",1999,0.39868,0.225575,0.277070271304915,"fitted",0.136468245333713,0.262211754666287
"425",-0.18106907138679,"MLDpart",2000,0.677969,0.176911,0.85903807138679,"fitted",-0.146817287071604,0.824786287071605
"426",-0.127586225676518,"MLDpart",2001,-0.0174897,0.249959,0.110096525676518,"fitted",-0.0967611998354476,0.0792714998354476
"427",-0.155892623547159,"MLDpart",2002,-0.508487,0.287332,-0.352594376452841,"fitted",-0.123253947226451,-0.385233052773549
"428",-0.0855354171875734,"MLDpart",2003,-0.288797,0.242626,-0.203261582812427,"fitted",-0.0574046751381875,-0.231392324861812
"429",-0.0475303849161951,"MLDpart",2004,-0.0738993,0.202608,-0.0263689150838049,"fitted",-0.0218347052621996,-0.0520645947378004
"430",-0.156896172548153,"MLDpart",2005,-0.92342,0.306746,-0.766523827451847,"fitted",-0.12419319673108,-0.79922680326892
"431",0.0658145095907812,"MLDpart",2006,0.261821,0.160438,0.196006490409219,"fitted",0.0842479433317347,0.177573056668265
"432",-0.132007455541024,"MLDpart",2007,-0.806397,0.288319,-0.674389544458976,"fitted",-0.100899152198486,-0.705497847801514
"433",-0.149902909754519,"MLDpart",2008,0.399459,0.171487,0.549361909754519,"fitted",-0.117648007001277,0.517107007001277
"434",-0.238197677279136,"MLDpart",2009,-0.76894,0.307697,-0.530742322720864,"fitted",-0.200285542962852,-0.568654457037148
"435",-0.0449470504568164,"Tpart",1994,0.3713,0.207673,0.416247050456816,"fitted",-0.0222016195026704,0.39350161950267
"436",0.00564005120725087,"Tpart",1995,0.294065,0.216216,0.288424948792749,"fitted",0.0439689414452021,0.250096058554798
"437",0.0284079741644432,"Tpart",1996,-0.300866,0.299939,-0.329273974164443,"fitted",0.073750569254315,-0.374616569254315
"438",-0.0739182527132434,"Tpart",1997,-0.0262369,0.251351,0.0476813527132434,"fitted",-0.0600974593822616,0.0338605593822616
"439",0.116934896144721,"Tpart",1998,0.488059,0.196957,0.371124103855279,"fitted",0.189548389128727,0.298510610871273
"440",-0.11858434314606,"Tpart",1999,0.39868,0.225575,0.51726434314606,"fitted",-0.118523029577859,0.517203029577859
"441",-0.057510777753791,"Tpart",2000,0.677969,0.176911,0.735479777753791,"fitted",-0.038635628479007,0.716604628479007
"442",-0.085677724926344,"Tpart",2001,-0.0174897,0.249959,0.068188024926344,"fitted",-0.0754794608646624,0.0579897608646624
"443",-0.119172847957267,"Tpart",2002,-0.508487,0.287332,-0.389314152042733,"fitted",-0.119292824489937,-0.389194175510063
"444",0.0220772537875729,"Tpart",2003,-0.288797,0.242626,-0.310874253787573,"fitted",0.0654696576234149,-0.354266657623415
"445",-0.0469282301049626,"Tpart",2004,-0.0738993,0.202608,-0.0269710698950374,"fitted",-0.0247931055602536,-0.0491061944397464
"446",0.000329996435683495,"Tpart",2005,-0.92342,0.306746,-0.923749996435684,"fitted",0.0370231135297637,-0.960443113529764
"447",-0.0240942932545845,"Tpart",2006,0.261821,0.160438,0.285915293254585,"fitted",0.00507487185558795,0.256746128144412
"448",-0.0991337290968305,"Tpart",2007,-0.806397,0.288319,-0.70726327090317,"fitted",-0.0930806144153121,-0.713316385584688
"449",-0.175603889293874,"Tpart",2008,0.399459,0.171487,0.575062889293874,"fitted",-0.193107562580231,0.592566562580231
"450",-0.150998933035899,"Tpart",2009,-0.76894,0.307697,-0.617941066964101,"fitted",-0.16092299963602,-0.60801700036398
"451",-0.0677011432962671,"Tcop",1994,0.3713,0.207673,0.439001143296267,"fitted",-0.0545165270092716,0.425816527009272
"452",0.113383770036886,"Tcop",1995,0.294065,0.216216,0.180681229963114,"fitted",0.116366401458042,0.177698598541958
"453",0.0081684380990429,"Tcop",1996,-0.300866,0.299939,-0.309034438099043,"fitted",0.0170787042649968,-0.317944704264997
"454",-0.112303000003984,"Tcop",1997,-0.0262369,0.251351,0.0860661000039836,"fitted",-0.0966055986439128,0.0703686986439128
"455",0.411732037007217,"Tcop",1998,0.488059,0.196957,0.0763269629927833,"fitted",0.397906285843377,0.0901527141566229
"456",0.0533791307798065,"Tcop",1999,0.39868,0.225575,0.345300869220193,"fitted",0.0597423111946118,0.338937688805388
"457",-0.10712424651051,"Tcop",2000,0.677969,0.176911,0.78509324651051,"fitted",-0.0917186064230936,0.769687606423094
"458",-0.10235115189968,"Tcop",2001,-0.0174897,0.249959,0.0848614518996796,"fitted",-0.0872144190232176,0.0697247190232176
"459",-0.124739781521036,"Tcop",2002,-0.508487,0.287332,-0.383747218478964,"fitted",-0.10834171518285,-0.40014528481715
"460",-0.328899364013529,"Tcop",2003,-0.288797,0.242626,0.0401023640135287,"fitted",-0.300999329162671,0.0122023291626711
"461",-0.0640300493484408,"Tcop",2004,-0.0738993,0.202608,-0.00986925065155925,"fitted",-0.0510522556189491,-0.0228470443810509
"462",0.0511736992855514,"Tcop",2005,-0.92342,0.306746,-0.974593699285551,"fitted",0.0576611295802172,-0.981081129580217
"463",-0.115450253687666,"Tcop",2006,0.261821,0.160438,0.377271253687666,"fitted",-0.0995755419494747,0.361396541949475
"464",-0.17392524312881,"Tcop",2007,-0.806397,0.288319,-0.63247175687119,"fitted",-0.154756160001863,-0.651640839998137
"465",-0.133453975266812,"Tcop",2008,0.399459,0.171487,0.532912975266812,"fitted",-0.116564967573592,0.516023967573592
"466",-0.13103876653177,"Tcop",2009,-0.76894,0.307697,-0.63790123346823,"fitted",-0.114285827175296,-0.654654172824704
"467",-0.0445594094894228,"DDben",1994,0.3713,0.207673,0.415859409489423,"fitted",-0.0428396790634601,0.41413967906346
"468",-0.012769562370647,"DDben",1995,0.294065,0.216216,0.306834562370647,"fitted",-0.0154808917223499,0.30954589172235
"469",-0.0878655577954998,"DDben",1996,-0.300866,0.299939,-0.2130004422045,"fitted",-0.0801095565697683,-0.220756443430232
"470",0.157461540832452,"DDben",1997,-0.0262369,0.251351,-0.183698440832452,"fitted",0.131022376303535,-0.157259276303535
"471",-0.0173224258186699,"DDben",1998,0.488059,0.196957,0.50538142581867,"fitted",-0.0193991497161661,0.507458149716166
"472",-0.0649960578449478,"DDben",1999,0.39868,0.225575,0.463676057844948,"fitted",-0.0604277447244959,0.459107744724496
"473",-0.092298056404133,"DDben",2000,0.677969,0.176911,0.770267056404133,"fitted",-0.0839242269335337,0.761893226933534
"474",-0.0773425650527186,"DDben",2001,-0.0174897,0.249959,0.0598528650527186,"fitted",-0.0710533216823242,0.0535636216823242
"475",-0.0736572957035112,"DDben",2002,-0.508487,0.287332,-0.434829704296489,"fitted",-0.0678817272842845,-0.440605272715716
"476",-0.0523522057319266,"DDben",2003,-0.288797,0.242626,-0.236444794268073,"fitted",-0.0495462685930389,-0.239250731406961
"477",-0.0497906663112121,"DDben",2004,-0.0738993,0.202608,-0.0241086336887879,"fitted",-0.0473417719104169,-0.0265575280895831
"478",-0.0642170432281768,"DDben",2005,-0.92342,0.306746,-0.859202956771823,"fitted",-0.0597573138392962,-0.863662686160704
"479",-0.0791816881213646,"DDben",2006,0.261821,0.160438,0.341002688121365,"fitted",-0.0726360967444261,0.334457096744426
"480",-0.119885315828285,"DDben",2007,-0.806397,0.288319,-0.686511684171715,"fitted",-0.107666208664637,-0.698730791335363
"481",-0.0929168177235487,"DDben",2008,0.399459,0.171487,0.492375817723549,"fitted",-0.0844567415886014,0.483915741588601
"482",-0.0514867734083881,"DDben",2009,-0.76894,0.307697,-0.717453226591612,"fitted",-0.0488014654207467,-0.720138534579253
"483",-0.0393786482153963,"DDpjuv",1994,0.3713,0.207673,0.410678648215396,"fitted",-0.0243283435894927,0.395628343589493
"484",-0.0389928138327885,"DDpjuv",1995,0.294065,0.216216,0.333057813832788,"fitted",-0.023831780846493,0.317896780846493
"485",-0.0450595860784439,"DDpjuv",1996,-0.300866,0.299939,-0.255806413921556,"fitted",-0.0316396206951838,-0.269226379304816
"486",-0.0173520677677164,"DDpjuv",1997,-0.0262369,0.251351,-0.00888483223228358,"fitted",0.00401951678377288,-0.0302564167837729
"487",-0.0071896683151273,"DDpjuv",1998,0.488059,0.196957,0.495248668315127,"fitted",0.0170983640161387,0.470960635983861
"488",-0.074258758640797,"DDpjuv",1999,0.39868,0.225575,0.472938758640797,"fitted",-0.0692184935917935,0.467898493591793
"489",-0.0538224533195564,"DDpjuv",2000,0.677969,0.176911,0.731791453319556,"fitted",-0.0429172921269707,0.720886292126971
"490",-0.0700681860786645,"DDpjuv",2001,-0.0174897,0.249959,0.0525784860786645,"fitted",-0.0638252930360763,0.0463355930360763
"491",-0.0844834288345167,"DDpjuv",2002,-0.508487,0.287332,-0.424003571165483,"fitted",-0.0823774822872168,-0.426109517712783
"492",-0.0475531851332585,"DDpjuv",2003,-0.288797,0.242626,-0.241243814866741,"fitted",-0.0348488432074403,-0.25394815679256
"493",-0.0414097923018449,"DDpjuv",2004,-0.0738993,0.202608,-0.0324895076981551,"fitted",-0.0269423938775625,-0.0469569061224375
"494",-0.0162663385995266,"DDpjuv",2005,-0.92342,0.306746,-0.907153661400473,"fitted",0.00541683303696597,-0.928836833036966
"495",-0.0511181516030326,"DDpjuv",2006,0.261821,0.160438,0.312939151603033,"fitted",-0.0394368986241405,0.301257898624141
"496",-0.0588766067849021,"DDpjuv",2007,-0.806397,0.288319,-0.747520393215098,"fitted",-0.0494219076349827,-0.756975092365017
"497",-0.0964598680139628,"DDpjuv",2008,0.399459,0.171487,0.495918868013963,"fitted",-0.097790969939299,0.497249969939299
"498",-0.0808903464804658,"DDpjuv",2009,-0.76894,0.307697,-0.688049653519534,"fitted",-0.0777532421715568,-0.691186757828443
"499",-0.0446141596762938,"DDlarv",1994,0.3713,0.207673,0.415914159676294,"fitted",-0.0196951979729952,0.390995197972995
"500",0.033430563102377,"DDlarv",1995,0.294065,0.216216,0.260634436897623,"fitted",0.0824945103909304,0.21157048960907
"501",0.0145748373708183,"DDlarv",1996,-0.300866,0.299939,-0.315440837370818,"fitted",0.0578053187986543,-0.358671318798654
"502",-0.0783684585369462,"DDlarv",1997,-0.0262369,0.251351,0.0521315585369462,"fitted",-0.0638921895689826,0.0376552895689826
"503",0.147457037287406,"DDlarv",1998,0.488059,0.196957,0.340601962712594,"fitted",0.231797778147248,0.256261221852752
"504",-0.124066957715603,"DDlarv",1999,0.39868,0.225575,0.522746957715603,"fitted",-0.123728603073927,0.522408603073927
"505",-0.0443189574604793,"DDlarv",2000,0.677969,0.176911,0.722287957460479,"fitted",-0.0193086679518812,0.697277667951881
"506",-0.0935396293248892,"DDlarv",2001,-0.0174897,0.249959,0.0760499293248892,"fitted",-0.083756921779689,0.0662672217796891
"507",-0.144505528168193,"DDlarv",2002,-0.508487,0.287332,-0.363981471831807,"fitted",-0.150490329936821,-0.357996670063179
"508",0.0173997808785721,"DDlarv",2003,-0.288797,0.242626,-0.306196780878572,"fitted",0.0615042255654215,-0.350301225565422
"509",-0.0548058854522116,"DDlarv",2004,-0.0738993,0.202608,-0.0190934145477884,"fitted",-0.0330399757840334,-0.0408593242159666
"510",0.0204981883511233,"DDlarv",2005,-0.92342,0.306746,-0.943918188351123,"fitted",0.0655611988588467,-0.988981198858847
"511",-0.0614234591270693,"DDlarv",2006,0.261821,0.160438,0.323244459127069,"fitted",-0.0417048527912637,0.303525852791264
"512",-0.0994774086608886,"DDlarv",2007,-0.806397,0.288319,-0.706919591339111,"fitted",-0.091531693950225,-0.714865306049775
"513",-0.169255959315408,"DDlarv",2008,0.399459,0.171487,0.568714959315408,"fitted",-0.182897893843416,0.582356893843416
"514",-0.142163903552316,"DDlarv",2009,-0.76894,0.307697,-0.626776096447684,"fitted",-0.147424268221253,-0.621515731778747
"515",-0.139173733154064,"DDegg",1994,0.3713,0.207673,0.510473733154064,"fitted",-0.105462751691945,0.476762751691945
"516",-0.153999187846689,"DDegg",1995,0.294065,0.216216,0.448064187846689,"fitted",-0.116948537705592,0.411013537705592
"517",0.0206352589219306,"DDegg",1996,-0.300866,0.299939,-0.321501258921931,"fitted",0.0183467316789833,-0.319212731678983
"518",-0.149373310065212,"DDegg",1997,-0.0262369,0.251351,0.123136410065212,"fitted",-0.113364712222686,0.0871278122226862
"519",0.370049699291366,"DDegg",1998,0.488059,0.196957,0.118009300708634,"fitted",0.289050030637203,0.199008969362797
"520",0.0456810166163858,"DDegg",1999,0.39868,0.225575,0.352998983383614,"fitted",0.0377505354381971,0.360929464561803
"521",-0.0193783617783419,"DDegg",2000,0.677969,0.176911,0.697347361778342,"fitted",-0.0126531866783236,0.690622186678324
"522",-0.162926029325441,"DDegg",2001,-0.0174897,0.249959,0.145436329325441,"fitted",-0.12386446663509,0.10637476663509
"523",-0.0782633050437394,"DDegg",2002,-0.508487,0.287332,-0.430223694956261,"fitted",-0.0582733630487928,-0.450213636951207
"524",0.0470672660041483,"DDegg",2003,-0.288797,0.242626,-0.335864266004148,"fitted",0.0388245101771595,-0.327621510177159
"525",-0.0466651024143704,"DDegg",2004,-0.0738993,0.202608,-0.0272341975856296,"fitted",-0.0337931564462911,-0.0401061435537089
"526",-0.126929769456751,"DDegg",2005,-0.92342,0.306746,-0.796490230543249,"fitted",-0.0959769349056384,-0.827443065094362
"527",-0.0241547757420208,"DDegg",2006,0.261821,0.160438,0.285975775742021,"fitted",-0.0163536376827154,0.278174637682715
"528",-0.0782968489165844,"DDegg",2007,-0.806397,0.288319,-0.728100151083416,"fitted",-0.0582993506325522,-0.748097649367448
"529",-0.192071526121212,"DDegg",2008,0.399459,0.171487,0.591530526121212,"fitted",-0.146444478269844,0.545903478269844
"530",-0.135381190969405,"DDegg",2009,-0.76894,0.307697,-0.633558809030595,"fitted",-0.102524539752802,-0.666415460247198
"531",-0.0766173682587888,"DDpre",1994,0.3713,0.207673,0.447917368258789,"fitted",-0.049725298908291,0.421025298908291
"532",0.00575710770207898,"DDpre",1995,0.294065,0.216216,0.288307892297921,"fitted",0.0353105895483222,0.258754410451678
"533",0.0736666973203531,"DDpre",1996,-0.300866,0.299939,-0.374532697320353,"fitted",0.105414249941652,-0.406280249941652
"534",-0.126525257818574,"DDpre",1997,-0.0262369,0.251351,0.100288357818574,"fitted",-0.101245647660091,0.0750087476600912
"535",0.446533785056024,"DDpre",1998,0.488059,0.196957,0.0415252149439761,"fitted",0.490328189735762,-0.00226918973576185
"536",-0.0187686189666842,"DDpre",1999,0.39868,0.225575,0.417448618966684,"fitted",0.00999246845577643,0.388687531544224
"537",-0.0784089027740521,"DDpre",2000,0.677969,0.176911,0.756377902774052,"fitted",-0.0515747155805072,0.729543715580507
"538",-0.139143744230038,"DDpre",2001,-0.0174897,0.249959,0.121654044230038,"fitted",-0.114271821004121,0.0967821210041207
"539",-0.158613519868694,"DDpre",2002,-0.508487,0.287332,-0.349873480131306,"fitted",-0.134370639845687,-0.374116360154313
"540",-0.0634696550342846,"DDpre",2003,-0.288797,0.242626,-0.225327344965715,"fitted",-0.036152800119276,-0.252644199880724
"541",-0.0597901197969671,"DDpre",2004,-0.0738993,0.202608,-0.0141091802030329,"fitted",-0.0323543838700159,-0.0415449161299841
"542",-0.00157625902083067,"DDpre",2005,-0.92342,0.306746,-0.921843740979169,"fitted",0.0277402912564938,-0.951160291256494
"543",-0.0298615454915735,"DDpre",2006,0.261821,0.160438,0.291682545491574,"fitted",-0.00145885613989534,0.263279856139895
"544",-0.147001242856828,"DDpre",2007,-0.806397,0.288319,-0.659395757143172,"fitted",-0.122383185222109,-0.684013814777891
"545",-0.228001715373908,"DDpre",2008,0.399459,0.171487,0.627460715373908,"fitted",-0.206000677966719,0.605459677966719
"546",-0.221359540587233,"DDpre",2009,-0.76894,0.307697,-0.547580459412767,"fitted",-0.199143903126097,-0.569796096873903
