time,index,timeseries,metric
1988-01-15T00:00:00Z,0.614,33N,"mmol s^-1 m^-1"
1988-01-15T00:00:00Z,2.16,39N,"mmol s^-1 m^-1"
1988-01-15T00:00:00Z,-0.442,45N,"mmol s^-1 m^-1"
1988-02-15T00:00:00Z,0.596,33N,"mmol s^-1 m^-1"
1988-02-15T00:00:00Z,9.58,39N,"mmol s^-1 m^-1"
1988-02-15T00:00:00Z,3.258,45N,"mmol s^-1 m^-1"
1988-03-15T00:00:00Z,0.579,33N,"mmol s^-1 m^-1"
1988-03-15T00:00:00Z,25.179,39N,"mmol s^-1 m^-1"
1988-03-15T00:00:00Z,0.762,45N,"mmol s^-1 m^-1"
1988-04-15T00:00:00Z,0.17,33N,"mmol s^-1 m^-1"
1988-04-15T00:00:00Z,10.962,39N,"mmol s^-1 m^-1"
1988-04-15T00:00:00Z,0.902,45N,"mmol s^-1 m^-1"
1988-05-15T00:00:00Z,0.735,33N,"mmol s^-1 m^-1"
1988-05-15T00:00:00Z,19.798,39N,"mmol s^-1 m^-1"
1988-05-15T00:00:00Z,0.068,45N,"mmol s^-1 m^-1"
1988-06-15T00:00:00Z,0.288,33N,"mmol s^-1 m^-1"
1988-06-15T00:00:00Z,21.401,39N,"mmol s^-1 m^-1"
1988-06-15T00:00:00Z,0.297,45N,"mmol s^-1 m^-1"
1988-07-15T00:00:00Z,0.03,33N,"mmol s^-1 m^-1"
1988-07-15T00:00:00Z,19.794,39N,"mmol s^-1 m^-1"
1988-07-15T00:00:00Z,1.198,45N,"mmol s^-1 m^-1"
1988-08-15T00:00:00Z,0.008,33N,"mmol s^-1 m^-1"
1988-08-15T00:00:00Z,9.025,39N,"mmol s^-1 m^-1"
1988-08-15T00:00:00Z,1.712,45N,"mmol s^-1 m^-1"
1988-09-15T00:00:00Z,0.003,33N,"mmol s^-1 m^-1"
1988-09-15T00:00:00Z,12.575,39N,"mmol s^-1 m^-1"
1988-09-15T00:00:00Z,1.252,45N,"mmol s^-1 m^-1"
1988-10-15T00:00:00Z,0.01,33N,"mmol s^-1 m^-1"
1988-10-15T00:00:00Z,4.547,39N,"mmol s^-1 m^-1"
1988-10-15T00:00:00Z,0.462,45N,"mmol s^-1 m^-1"
1988-11-15T00:00:00Z,0.207,33N,"mmol s^-1 m^-1"
1988-11-15T00:00:00Z,3.881,39N,"mmol s^-1 m^-1"
1988-11-15T00:00:00Z,-0.401,45N,"mmol s^-1 m^-1"
1988-12-15T00:00:00Z,0.912,33N,"mmol s^-1 m^-1"
1988-12-15T00:00:00Z,12.411,39N,"mmol s^-1 m^-1"
1988-12-15T00:00:00Z,1.051,45N,"mmol s^-1 m^-1"
1989-01-15T00:00:00Z,1.434,33N,"mmol s^-1 m^-1"
1989-01-15T00:00:00Z,13.414,39N,"mmol s^-1 m^-1"
1989-01-15T00:00:00Z,0.949,45N,"mmol s^-1 m^-1"
1989-02-15T00:00:00Z,1.679,33N,"mmol s^-1 m^-1"
1989-02-15T00:00:00Z,19.26,39N,"mmol s^-1 m^-1"
1989-02-15T00:00:00Z,-1.359,45N,"mmol s^-1 m^-1"
1989-03-15T00:00:00Z,2.018,33N,"mmol s^-1 m^-1"
1989-03-15T00:00:00Z,-0.148,39N,"mmol s^-1 m^-1"
1989-03-15T00:00:00Z,-10.264,45N,"mmol s^-1 m^-1"
1989-04-15T00:00:00Z,0.286,33N,"mmol s^-1 m^-1"
1989-04-15T00:00:00Z,9.998,39N,"mmol s^-1 m^-1"
1989-04-15T00:00:00Z,2.079,45N,"mmol s^-1 m^-1"
1989-05-15T00:00:00Z,0.328,33N,"mmol s^-1 m^-1"
1989-05-15T00:00:00Z,25.379,39N,"mmol s^-1 m^-1"
1989-05-15T00:00:00Z,1.16,45N,"mmol s^-1 m^-1"
1989-06-15T00:00:00Z,0.163,33N,"mmol s^-1 m^-1"
1989-06-15T00:00:00Z,18.102,39N,"mmol s^-1 m^-1"
1989-06-15T00:00:00Z,0.739,45N,"mmol s^-1 m^-1"
1989-07-15T00:00:00Z,0.04,33N,"mmol s^-1 m^-1"
1989-07-15T00:00:00Z,24.146,39N,"mmol s^-1 m^-1"
1989-07-15T00:00:00Z,0.125,45N,"mmol s^-1 m^-1"
1989-08-15T00:00:00Z,0.009,33N,"mmol s^-1 m^-1"
1989-08-15T00:00:00Z,11.219,39N,"mmol s^-1 m^-1"
1989-08-15T00:00:00Z,0.726,45N,"mmol s^-1 m^-1"
1989-09-15T00:00:00Z,0.005,33N,"mmol s^-1 m^-1"
1989-09-15T00:00:00Z,3.538,39N,"mmol s^-1 m^-1"
1989-09-15T00:00:00Z,1.485,45N,"mmol s^-1 m^-1"
1989-10-15T00:00:00Z,0.015,33N,"mmol s^-1 m^-1"
1989-10-15T00:00:00Z,4.236,39N,"mmol s^-1 m^-1"
1989-10-15T00:00:00Z,0.31,45N,"mmol s^-1 m^-1"
1989-11-15T00:00:00Z,0.008,33N,"mmol s^-1 m^-1"
1989-11-15T00:00:00Z,3.162,39N,"mmol s^-1 m^-1"
1989-11-15T00:00:00Z,0.222,45N,"mmol s^-1 m^-1"
1989-12-15T00:00:00Z,0.093,33N,"mmol s^-1 m^-1"
1989-12-15T00:00:00Z,4.571,39N,"mmol s^-1 m^-1"
1989-12-15T00:00:00Z,1.228,45N,"mmol s^-1 m^-1"
1990-01-15T00:00:00Z,0.444,33N,"mmol s^-1 m^-1"
1990-01-15T00:00:00Z,8.789,39N,"mmol s^-1 m^-1"
1990-01-15T00:00:00Z,-4.569,45N,"mmol s^-1 m^-1"
1990-02-15T00:00:00Z,1.925,33N,"mmol s^-1 m^-1"
1990-02-15T00:00:00Z,16.87,39N,"mmol s^-1 m^-1"
1990-02-15T00:00:00Z,-1.89,45N,"mmol s^-1 m^-1"
1990-03-15T00:00:00Z,1.588,33N,"mmol s^-1 m^-1"
1990-03-15T00:00:00Z,21.018,39N,"mmol s^-1 m^-1"
1990-03-15T00:00:00Z,1.17,45N,"mmol s^-1 m^-1"
1990-04-15T00:00:00Z,0.35,33N,"mmol s^-1 m^-1"
1990-04-15T00:00:00Z,21.164,39N,"mmol s^-1 m^-1"
1990-04-15T00:00:00Z,3.576,45N,"mmol s^-1 m^-1"
1990-05-15T00:00:00Z,0.197,33N,"mmol s^-1 m^-1"
1990-05-15T00:00:00Z,28.566,39N,"mmol s^-1 m^-1"
1990-05-15T00:00:00Z,2.684,45N,"mmol s^-1 m^-1"
1990-06-15T00:00:00Z,0.063,33N,"mmol s^-1 m^-1"
1990-06-15T00:00:00Z,13.908,39N,"mmol s^-1 m^-1"
1990-06-15T00:00:00Z,0.115,45N,"mmol s^-1 m^-1"
1990-07-15T00:00:00Z,0.009,33N,"mmol s^-1 m^-1"
1990-07-15T00:00:00Z,5.738,39N,"mmol s^-1 m^-1"
1990-07-15T00:00:00Z,0.828,45N,"mmol s^-1 m^-1"
1990-08-15T00:00:00Z,0.005,33N,"mmol s^-1 m^-1"
1990-08-15T00:00:00Z,3.273,39N,"mmol s^-1 m^-1"
1990-08-15T00:00:00Z,1.119,45N,"mmol s^-1 m^-1"
1990-09-15T00:00:00Z,0.005,33N,"mmol s^-1 m^-1"
1990-09-15T00:00:00Z,1.901,39N,"mmol s^-1 m^-1"
1990-09-15T00:00:00Z,0.161,45N,"mmol s^-1 m^-1"
1990-10-15T00:00:00Z,0.002,33N,"mmol s^-1 m^-1"
1990-10-15T00:00:00Z,7.678,39N,"mmol s^-1 m^-1"
1990-10-15T00:00:00Z,0.015,45N,"mmol s^-1 m^-1"
1990-11-15T00:00:00Z,0.015,33N,"mmol s^-1 m^-1"
1990-11-15T00:00:00Z,10.493,39N,"mmol s^-1 m^-1"
1990-11-15T00:00:00Z,-0.011,45N,"mmol s^-1 m^-1"
1990-12-15T00:00:00Z,0.213,33N,"mmol s^-1 m^-1"
1990-12-15T00:00:00Z,17.36,39N,"mmol s^-1 m^-1"
1990-12-15T00:00:00Z,5.267,45N,"mmol s^-1 m^-1"
1991-01-15T00:00:00Z,0.345,33N,"mmol s^-1 m^-1"
1991-01-15T00:00:00Z,3.311,39N,"mmol s^-1 m^-1"
1991-01-15T00:00:00Z,-0.597,45N,"mmol s^-1 m^-1"
1991-02-15T00:00:00Z,0.462,33N,"mmol s^-1 m^-1"
1991-02-15T00:00:00Z,6.623,39N,"mmol s^-1 m^-1"
1991-02-15T00:00:00Z,-5.348,45N,"mmol s^-1 m^-1"
1991-03-15T00:00:00Z,1.263,33N,"mmol s^-1 m^-1"
1991-03-15T00:00:00Z,12.246,39N,"mmol s^-1 m^-1"
1991-03-15T00:00:00Z,0.739,45N,"mmol s^-1 m^-1"
1991-04-15T00:00:00Z,1.323,33N,"mmol s^-1 m^-1"
1991-04-15T00:00:00Z,25.472,39N,"mmol s^-1 m^-1"
1991-04-15T00:00:00Z,-1.209,45N,"mmol s^-1 m^-1"
1991-05-15T00:00:00Z,1.623,33N,"mmol s^-1 m^-1"
1991-05-15T00:00:00Z,43.141,39N,"mmol s^-1 m^-1"
1991-05-15T00:00:00Z,3.411,45N,"mmol s^-1 m^-1"
1991-06-15T00:00:00Z,0.188,33N,"mmol s^-1 m^-1"
1991-06-15T00:00:00Z,31.907,39N,"mmol s^-1 m^-1"
1991-06-15T00:00:00Z,3.638,45N,"mmol s^-1 m^-1"
1991-07-15T00:00:00Z,0.131,33N,"mmol s^-1 m^-1"
1991-07-15T00:00:00Z,14.444,39N,"mmol s^-1 m^-1"
1991-07-15T00:00:00Z,1.748,45N,"mmol s^-1 m^-1"
1991-08-15T00:00:00Z,0.021,33N,"mmol s^-1 m^-1"
1991-08-15T00:00:00Z,6.078,39N,"mmol s^-1 m^-1"
1991-08-15T00:00:00Z,0.436,45N,"mmol s^-1 m^-1"
1991-09-15T00:00:00Z,0.014,33N,"mmol s^-1 m^-1"
1991-09-15T00:00:00Z,4.394,39N,"mmol s^-1 m^-1"
1991-09-15T00:00:00Z,0.237,45N,"mmol s^-1 m^-1"
1991-10-15T00:00:00Z,0.018,33N,"mmol s^-1 m^-1"
1991-10-15T00:00:00Z,4.17,39N,"mmol s^-1 m^-1"
1991-10-15T00:00:00Z,1.151,45N,"mmol s^-1 m^-1"
1991-11-15T00:00:00Z,0.204,33N,"mmol s^-1 m^-1"
1991-11-15T00:00:00Z,11.18,39N,"mmol s^-1 m^-1"
1991-11-15T00:00:00Z,-0.773,45N,"mmol s^-1 m^-1"
1991-12-15T00:00:00Z,0.234,33N,"mmol s^-1 m^-1"
1991-12-15T00:00:00Z,1.533,39N,"mmol s^-1 m^-1"
1991-12-15T00:00:00Z,-1.206,45N,"mmol s^-1 m^-1"
1992-01-15T00:00:00Z,0.191,33N,"mmol s^-1 m^-1"
1992-01-15T00:00:00Z,1.345,39N,"mmol s^-1 m^-1"
1992-01-15T00:00:00Z,-7.41,45N,"mmol s^-1 m^-1"
1992-02-15T00:00:00Z,-0.045,33N,"mmol s^-1 m^-1"
1992-02-15T00:00:00Z,-2.57,39N,"mmol s^-1 m^-1"
1992-02-15T00:00:00Z,-1.782,45N,"mmol s^-1 m^-1"
1992-03-15T00:00:00Z,0.143,33N,"mmol s^-1 m^-1"
1992-03-15T00:00:00Z,0.604,39N,"mmol s^-1 m^-1"
1992-03-15T00:00:00Z,1.359,45N,"mmol s^-1 m^-1"
1992-04-15T00:00:00Z,0.052,33N,"mmol s^-1 m^-1"
1992-04-15T00:00:00Z,3.255,39N,"mmol s^-1 m^-1"
1992-04-15T00:00:00Z,0.042,45N,"mmol s^-1 m^-1"
1992-05-15T00:00:00Z,0.077,33N,"mmol s^-1 m^-1"
1992-05-15T00:00:00Z,10.61,39N,"mmol s^-1 m^-1"
1992-05-15T00:00:00Z,0.342,45N,"mmol s^-1 m^-1"
1992-06-15T00:00:00Z,0.058,33N,"mmol s^-1 m^-1"
1992-06-15T00:00:00Z,10.198,39N,"mmol s^-1 m^-1"
1992-06-15T00:00:00Z,0.403,45N,"mmol s^-1 m^-1"
1992-07-15T00:00:00Z,0.013,33N,"mmol s^-1 m^-1"
1992-07-15T00:00:00Z,5.536,39N,"mmol s^-1 m^-1"
1992-07-15T00:00:00Z,0.528,45N,"mmol s^-1 m^-1"
1992-08-15T00:00:00Z,0.003,33N,"mmol s^-1 m^-1"
1992-08-15T00:00:00Z,4.992,39N,"mmol s^-1 m^-1"
1992-08-15T00:00:00Z,0.507,45N,"mmol s^-1 m^-1"
1992-09-15T00:00:00Z,0.004,33N,"mmol s^-1 m^-1"
1992-09-15T00:00:00Z,3.8,39N,"mmol s^-1 m^-1"
1992-09-15T00:00:00Z,0.603,45N,"mmol s^-1 m^-1"
1992-10-15T00:00:00Z,0.003,33N,"mmol s^-1 m^-1"
1992-10-15T00:00:00Z,0.263,39N,"mmol s^-1 m^-1"
1992-10-15T00:00:00Z,0.406,45N,"mmol s^-1 m^-1"
1992-11-15T00:00:00Z,0.007,33N,"mmol s^-1 m^-1"
1992-11-15T00:00:00Z,0.884,39N,"mmol s^-1 m^-1"
1992-11-15T00:00:00Z,-0.141,45N,"mmol s^-1 m^-1"
1992-12-15T00:00:00Z,0.2,33N,"mmol s^-1 m^-1"
1992-12-15T00:00:00Z,2.796,39N,"mmol s^-1 m^-1"
1992-12-15T00:00:00Z,-0.54,45N,"mmol s^-1 m^-1"
1993-01-15T00:00:00Z,0.18,33N,"mmol s^-1 m^-1"
1993-01-15T00:00:00Z,-0.749,39N,"mmol s^-1 m^-1"
1993-01-15T00:00:00Z,-0.284,45N,"mmol s^-1 m^-1"
1993-02-15T00:00:00Z,0.151,33N,"mmol s^-1 m^-1"
1993-02-15T00:00:00Z,-1.228,39N,"mmol s^-1 m^-1"
1993-02-15T00:00:00Z,0.319,45N,"mmol s^-1 m^-1"
1993-03-15T00:00:00Z,0.228,33N,"mmol s^-1 m^-1"
1993-03-15T00:00:00Z,2.865,39N,"mmol s^-1 m^-1"
1993-03-15T00:00:00Z,-3.679,45N,"mmol s^-1 m^-1"
1993-04-15T00:00:00Z,0.262,33N,"mmol s^-1 m^-1"
1993-04-15T00:00:00Z,11.304,39N,"mmol s^-1 m^-1"
1993-04-15T00:00:00Z,-3.822,45N,"mmol s^-1 m^-1"
1993-05-15T00:00:00Z,0.093,33N,"mmol s^-1 m^-1"
1993-05-15T00:00:00Z,4.073,39N,"mmol s^-1 m^-1"
1993-05-15T00:00:00Z,-0.029,45N,"mmol s^-1 m^-1"
1993-06-15T00:00:00Z,0.016,33N,"mmol s^-1 m^-1"
1993-06-15T00:00:00Z,12.286,39N,"mmol s^-1 m^-1"
1993-06-15T00:00:00Z,0.082,45N,"mmol s^-1 m^-1"
1993-07-15T00:00:00Z,0.004,33N,"mmol s^-1 m^-1"
1993-07-15T00:00:00Z,17.71,39N,"mmol s^-1 m^-1"
1993-07-15T00:00:00Z,0.182,45N,"mmol s^-1 m^-1"
1993-08-15T00:00:00Z,0.008,33N,"mmol s^-1 m^-1"
1993-08-15T00:00:00Z,6.462,39N,"mmol s^-1 m^-1"
1993-08-15T00:00:00Z,0.309,45N,"mmol s^-1 m^-1"
1993-09-15T00:00:00Z,0.006,33N,"mmol s^-1 m^-1"
1993-09-15T00:00:00Z,6.922,39N,"mmol s^-1 m^-1"
1993-09-15T00:00:00Z,0.888,45N,"mmol s^-1 m^-1"
1993-10-15T00:00:00Z,0.002,33N,"mmol s^-1 m^-1"
1993-10-15T00:00:00Z,1.455,39N,"mmol s^-1 m^-1"
1993-10-15T00:00:00Z,0.426,45N,"mmol s^-1 m^-1"
1993-11-15T00:00:00Z,0.014,33N,"mmol s^-1 m^-1"
1993-11-15T00:00:00Z,4.308,39N,"mmol s^-1 m^-1"
1993-11-15T00:00:00Z,1.123,45N,"mmol s^-1 m^-1"
1993-12-15T00:00:00Z,0.195,33N,"mmol s^-1 m^-1"
1993-12-15T00:00:00Z,0.148,39N,"mmol s^-1 m^-1"
1993-12-15T00:00:00Z,-7.233,45N,"mmol s^-1 m^-1"
1994-01-15T00:00:00Z,0.287,33N,"mmol s^-1 m^-1"
1994-01-15T00:00:00Z,1.708,39N,"mmol s^-1 m^-1"
1994-01-15T00:00:00Z,-2.582,45N,"mmol s^-1 m^-1"
1994-02-15T00:00:00Z,0.282,33N,"mmol s^-1 m^-1"
1994-02-15T00:00:00Z,1.476,39N,"mmol s^-1 m^-1"
1994-02-15T00:00:00Z,-4.906,45N,"mmol s^-1 m^-1"
1994-03-15T00:00:00Z,0.463,33N,"mmol s^-1 m^-1"
1994-03-15T00:00:00Z,4.963,39N,"mmol s^-1 m^-1"
1994-03-15T00:00:00Z,0.318,45N,"mmol s^-1 m^-1"
1994-04-15T00:00:00Z,1.056,33N,"mmol s^-1 m^-1"
1994-04-15T00:00:00Z,18.896,39N,"mmol s^-1 m^-1"
1994-04-15T00:00:00Z,1.092,45N,"mmol s^-1 m^-1"
1994-05-15T00:00:00Z,0.487,33N,"mmol s^-1 m^-1"
1994-05-15T00:00:00Z,16.045,39N,"mmol s^-1 m^-1"
1994-05-15T00:00:00Z,0.73,45N,"mmol s^-1 m^-1"
1994-06-15T00:00:00Z,0.063,33N,"mmol s^-1 m^-1"
1994-06-15T00:00:00Z,19.103,39N,"mmol s^-1 m^-1"
1994-06-15T00:00:00Z,0.12,45N,"mmol s^-1 m^-1"
1994-07-15T00:00:00Z,0.017,33N,"mmol s^-1 m^-1"
1994-07-15T00:00:00Z,15.015,39N,"mmol s^-1 m^-1"
1994-07-15T00:00:00Z,1.039,45N,"mmol s^-1 m^-1"
1994-08-15T00:00:00Z,0.006,33N,"mmol s^-1 m^-1"
1994-08-15T00:00:00Z,6.512,39N,"mmol s^-1 m^-1"
1994-08-15T00:00:00Z,0.068,45N,"mmol s^-1 m^-1"
1994-09-15T00:00:00Z,0.004,33N,"mmol s^-1 m^-1"
1994-09-15T00:00:00Z,1.954,39N,"mmol s^-1 m^-1"
1994-09-15T00:00:00Z,0.045,45N,"mmol s^-1 m^-1"
1994-10-15T00:00:00Z,0.01,33N,"mmol s^-1 m^-1"
1994-10-15T00:00:00Z,8.432,39N,"mmol s^-1 m^-1"
1994-10-15T00:00:00Z,0.285,45N,"mmol s^-1 m^-1"
1994-11-15T00:00:00Z,0.29,33N,"mmol s^-1 m^-1"
1994-11-15T00:00:00Z,4.973,39N,"mmol s^-1 m^-1"
1994-11-15T00:00:00Z,-1.412,45N,"mmol s^-1 m^-1"
1994-12-15T00:00:00Z,0.638,33N,"mmol s^-1 m^-1"
1994-12-15T00:00:00Z,0.57,39N,"mmol s^-1 m^-1"
1994-12-15T00:00:00Z,-9.285,45N,"mmol s^-1 m^-1"
1995-01-15T00:00:00Z,0.627,33N,"mmol s^-1 m^-1"
1995-01-15T00:00:00Z,-15.855,39N,"mmol s^-1 m^-1"
1995-01-15T00:00:00Z,-7.616,45N,"mmol s^-1 m^-1"
1995-02-15T00:00:00Z,0.237,33N,"mmol s^-1 m^-1"
1995-02-15T00:00:00Z,2.519,39N,"mmol s^-1 m^-1"
1995-02-15T00:00:00Z,-2.708,45N,"mmol s^-1 m^-1"
1995-03-15T00:00:00Z,0.265,33N,"mmol s^-1 m^-1"
1995-03-15T00:00:00Z,0.792,39N,"mmol s^-1 m^-1"
1995-03-15T00:00:00Z,-3.258,45N,"mmol s^-1 m^-1"
1995-04-15T00:00:00Z,1.511,33N,"mmol s^-1 m^-1"
1995-04-15T00:00:00Z,16.777,39N,"mmol s^-1 m^-1"
1995-04-15T00:00:00Z,2.354,45N,"mmol s^-1 m^-1"
1995-05-15T00:00:00Z,1.016,33N,"mmol s^-1 m^-1"
1995-05-15T00:00:00Z,17.695,39N,"mmol s^-1 m^-1"
1995-05-15T00:00:00Z,1.516,45N,"mmol s^-1 m^-1"
1995-06-15T00:00:00Z,0.334,33N,"mmol s^-1 m^-1"
1995-06-15T00:00:00Z,14.565,39N,"mmol s^-1 m^-1"
1995-06-15T00:00:00Z,0.753,45N,"mmol s^-1 m^-1"
1995-07-15T00:00:00Z,0.033,33N,"mmol s^-1 m^-1"
1995-07-15T00:00:00Z,4.65,39N,"mmol s^-1 m^-1"
1995-07-15T00:00:00Z,0.568,45N,"mmol s^-1 m^-1"
1995-08-15T00:00:00Z,0.005,33N,"mmol s^-1 m^-1"
1995-08-15T00:00:00Z,5.868,39N,"mmol s^-1 m^-1"
1995-08-15T00:00:00Z,0.691,45N,"mmol s^-1 m^-1"
1995-09-15T00:00:00Z,0.006,33N,"mmol s^-1 m^-1"
1995-09-15T00:00:00Z,0.743,39N,"mmol s^-1 m^-1"
1995-09-15T00:00:00Z,0.072,45N,"mmol s^-1 m^-1"
1995-10-15T00:00:00Z,0.005,33N,"mmol s^-1 m^-1"
1995-10-15T00:00:00Z,2.536,39N,"mmol s^-1 m^-1"
1995-10-15T00:00:00Z,0.05,45N,"mmol s^-1 m^-1"
1995-11-15T00:00:00Z,0.015,33N,"mmol s^-1 m^-1"
1995-11-15T00:00:00Z,2.247,39N,"mmol s^-1 m^-1"
1995-11-15T00:00:00Z,-0.968,45N,"mmol s^-1 m^-1"
1995-12-15T00:00:00Z,0.153,33N,"mmol s^-1 m^-1"
1995-12-15T00:00:00Z,-0.59,39N,"mmol s^-1 m^-1"
1995-12-15T00:00:00Z,-1.355,45N,"mmol s^-1 m^-1"
1996-01-15T00:00:00Z,0.571,33N,"mmol s^-1 m^-1"
1996-01-15T00:00:00Z,3.307,39N,"mmol s^-1 m^-1"
1996-01-15T00:00:00Z,0.274,45N,"mmol s^-1 m^-1"
1996-02-15T00:00:00Z,0.551,33N,"mmol s^-1 m^-1"
1996-02-15T00:00:00Z,-1.002,39N,"mmol s^-1 m^-1"
1996-02-15T00:00:00Z,-2.839,45N,"mmol s^-1 m^-1"
1996-03-15T00:00:00Z,0.514,33N,"mmol s^-1 m^-1"
1996-03-15T00:00:00Z,6.644,39N,"mmol s^-1 m^-1"
1996-03-15T00:00:00Z,-0.425,45N,"mmol s^-1 m^-1"
1996-04-15T00:00:00Z,0.506,33N,"mmol s^-1 m^-1"
1996-04-15T00:00:00Z,7.183,39N,"mmol s^-1 m^-1"
1996-04-15T00:00:00Z,-2.793,45N,"mmol s^-1 m^-1"
1996-05-15T00:00:00Z,0.042,33N,"mmol s^-1 m^-1"
1996-05-15T00:00:00Z,26.232,39N,"mmol s^-1 m^-1"
1996-05-15T00:00:00Z,0.679,45N,"mmol s^-1 m^-1"
1996-06-15T00:00:00Z,0.064,33N,"mmol s^-1 m^-1"
1996-06-15T00:00:00Z,32.898,39N,"mmol s^-1 m^-1"
1996-06-15T00:00:00Z,0.552,45N,"mmol s^-1 m^-1"
1996-07-15T00:00:00Z,0.01,33N,"mmol s^-1 m^-1"
1996-07-15T00:00:00Z,15.877,39N,"mmol s^-1 m^-1"
1996-07-15T00:00:00Z,0.922,45N,"mmol s^-1 m^-1"
1996-08-15T00:00:00Z,0.007,33N,"mmol s^-1 m^-1"
1996-08-15T00:00:00Z,13.986,39N,"mmol s^-1 m^-1"
1996-08-15T00:00:00Z,2.209,45N,"mmol s^-1 m^-1"
1996-09-15T00:00:00Z,0.002,33N,"mmol s^-1 m^-1"
1996-09-15T00:00:00Z,5.366,39N,"mmol s^-1 m^-1"
1996-09-15T00:00:00Z,0.255,45N,"mmol s^-1 m^-1"
1996-10-15T00:00:00Z,0.023,33N,"mmol s^-1 m^-1"
1996-10-15T00:00:00Z,4.477,39N,"mmol s^-1 m^-1"
1996-10-15T00:00:00Z,0.194,45N,"mmol s^-1 m^-1"
1996-11-15T00:00:00Z,0.176,33N,"mmol s^-1 m^-1"
1996-11-15T00:00:00Z,5.136,39N,"mmol s^-1 m^-1"
1996-11-15T00:00:00Z,0.119,45N,"mmol s^-1 m^-1"
1996-12-15T00:00:00Z,0.137,33N,"mmol s^-1 m^-1"
1996-12-15T00:00:00Z,-2.138,39N,"mmol s^-1 m^-1"
1996-12-15T00:00:00Z,-4.601,45N,"mmol s^-1 m^-1"
1997-01-15T00:00:00Z,0.413,33N,"mmol s^-1 m^-1"
1997-01-15T00:00:00Z,0.571,39N,"mmol s^-1 m^-1"
1997-01-15T00:00:00Z,-1.96,45N,"mmol s^-1 m^-1"
1997-02-15T00:00:00Z,1.207,33N,"mmol s^-1 m^-1"
1997-02-15T00:00:00Z,15.522,39N,"mmol s^-1 m^-1"
1997-02-15T00:00:00Z,1.86,45N,"mmol s^-1 m^-1"
1997-03-15T00:00:00Z,0.331,33N,"mmol s^-1 m^-1"
1997-03-15T00:00:00Z,16.252,39N,"mmol s^-1 m^-1"
1997-03-15T00:00:00Z,-4.037,45N,"mmol s^-1 m^-1"
1997-04-15T00:00:00Z,0.343,33N,"mmol s^-1 m^-1"
1997-04-15T00:00:00Z,23.427,39N,"mmol s^-1 m^-1"
1997-04-15T00:00:00Z,1.749,45N,"mmol s^-1 m^-1"
1997-05-15T00:00:00Z,0.024,33N,"mmol s^-1 m^-1"
1997-05-15T00:00:00Z,3.597,39N,"mmol s^-1 m^-1"
1997-05-15T00:00:00Z,0.201,45N,"mmol s^-1 m^-1"
1997-06-15T00:00:00Z,0.012,33N,"mmol s^-1 m^-1"
1997-06-15T00:00:00Z,13.117,39N,"mmol s^-1 m^-1"
1997-06-15T00:00:00Z,0.053,45N,"mmol s^-1 m^-1"
1997-07-15T00:00:00Z,0.006,33N,"mmol s^-1 m^-1"
1997-07-15T00:00:00Z,9.588,39N,"mmol s^-1 m^-1"
1997-07-15T00:00:00Z,0.282,45N,"mmol s^-1 m^-1"
1997-08-15T00:00:00Z,0.002,33N,"mmol s^-1 m^-1"
1997-08-15T00:00:00Z,2.172,39N,"mmol s^-1 m^-1"
1997-08-15T00:00:00Z,0.254,45N,"mmol s^-1 m^-1"
1997-09-15T00:00:00Z,0.001,33N,"mmol s^-1 m^-1"
1997-09-15T00:00:00Z,0.185,39N,"mmol s^-1 m^-1"
1997-09-15T00:00:00Z,0.0,45N,"mmol s^-1 m^-1"
1997-10-15T00:00:00Z,0.003,33N,"mmol s^-1 m^-1"
1997-10-15T00:00:00Z,1.638,39N,"mmol s^-1 m^-1"
1997-10-15T00:00:00Z,-0.009,45N,"mmol s^-1 m^-1"
1997-11-15T00:00:00Z,0.001,33N,"mmol s^-1 m^-1"
1997-11-15T00:00:00Z,0.001,39N,"mmol s^-1 m^-1"
1997-11-15T00:00:00Z,-0.063,45N,"mmol s^-1 m^-1"
1997-12-15T00:00:00Z,0.011,33N,"mmol s^-1 m^-1"
1997-12-15T00:00:00Z,0.414,39N,"mmol s^-1 m^-1"
1997-12-15T00:00:00Z,-0.036,45N,"mmol s^-1 m^-1"
1998-01-15T00:00:00Z,0.013,33N,"mmol s^-1 m^-1"
1998-01-15T00:00:00Z,-1.915,39N,"mmol s^-1 m^-1"
1998-01-15T00:00:00Z,-1.806,45N,"mmol s^-1 m^-1"
1998-02-15T00:00:00Z,0.347,33N,"mmol s^-1 m^-1"
1998-02-15T00:00:00Z,0.463,39N,"mmol s^-1 m^-1"
1998-02-15T00:00:00Z,-2.445,45N,"mmol s^-1 m^-1"
1998-03-15T00:00:00Z,0.252,33N,"mmol s^-1 m^-1"
1998-03-15T00:00:00Z,7.275,39N,"mmol s^-1 m^-1"
1998-03-15T00:00:00Z,0.206,45N,"mmol s^-1 m^-1"
1998-04-15T00:00:00Z,0.474,33N,"mmol s^-1 m^-1"
1998-04-15T00:00:00Z,13.526,39N,"mmol s^-1 m^-1"
1998-04-15T00:00:00Z,0.972,45N,"mmol s^-1 m^-1"
1998-05-15T00:00:00Z,0.157,33N,"mmol s^-1 m^-1"
1998-05-15T00:00:00Z,5.483,39N,"mmol s^-1 m^-1"
1998-05-15T00:00:00Z,0.933,45N,"mmol s^-1 m^-1"
1998-06-15T00:00:00Z,0.033,33N,"mmol s^-1 m^-1"
1998-06-15T00:00:00Z,12.388,39N,"mmol s^-1 m^-1"
1998-06-15T00:00:00Z,0.73,45N,"mmol s^-1 m^-1"
1998-07-15T00:00:00Z,0.014,33N,"mmol s^-1 m^-1"
1998-07-15T00:00:00Z,12.661,39N,"mmol s^-1 m^-1"
1998-07-15T00:00:00Z,0.317,45N,"mmol s^-1 m^-1"
1998-08-15T00:00:00Z,0.003,33N,"mmol s^-1 m^-1"
1998-08-15T00:00:00Z,9.411,39N,"mmol s^-1 m^-1"
1998-08-15T00:00:00Z,0.989,45N,"mmol s^-1 m^-1"
1998-09-15T00:00:00Z,0.002,33N,"mmol s^-1 m^-1"
1998-09-15T00:00:00Z,4.257,39N,"mmol s^-1 m^-1"
1998-09-15T00:00:00Z,0.611,45N,"mmol s^-1 m^-1"
1998-10-15T00:00:00Z,0.014,33N,"mmol s^-1 m^-1"
1998-10-15T00:00:00Z,5.01,39N,"mmol s^-1 m^-1"
1998-10-15T00:00:00Z,0.027,45N,"mmol s^-1 m^-1"
1998-11-15T00:00:00Z,0.098,33N,"mmol s^-1 m^-1"
1998-11-15T00:00:00Z,0.784,39N,"mmol s^-1 m^-1"
1998-11-15T00:00:00Z,-1.347,45N,"mmol s^-1 m^-1"
1998-12-15T00:00:00Z,0.641,33N,"mmol s^-1 m^-1"
1998-12-15T00:00:00Z,12.337,39N,"mmol s^-1 m^-1"
1998-12-15T00:00:00Z,-1.204,45N,"mmol s^-1 m^-1"
1999-01-15T00:00:00Z,0.597,33N,"mmol s^-1 m^-1"
1999-01-15T00:00:00Z,7.52,39N,"mmol s^-1 m^-1"
1999-01-15T00:00:00Z,-4.935,45N,"mmol s^-1 m^-1"
1999-02-15T00:00:00Z,2.234,33N,"mmol s^-1 m^-1"
1999-02-15T00:00:00Z,1.289,39N,"mmol s^-1 m^-1"
1999-02-15T00:00:00Z,-22.082,45N,"mmol s^-1 m^-1"
1999-03-15T00:00:00Z,1.742,33N,"mmol s^-1 m^-1"
1999-03-15T00:00:00Z,8.838,39N,"mmol s^-1 m^-1"
1999-03-15T00:00:00Z,-7.916,45N,"mmol s^-1 m^-1"
1999-04-15T00:00:00Z,2.963,33N,"mmol s^-1 m^-1"
1999-04-15T00:00:00Z,47.667,39N,"mmol s^-1 m^-1"
1999-04-15T00:00:00Z,9.036,45N,"mmol s^-1 m^-1"
1999-05-15T00:00:00Z,0.593,33N,"mmol s^-1 m^-1"
1999-05-15T00:00:00Z,47.661,39N,"mmol s^-1 m^-1"
1999-05-15T00:00:00Z,4.199,45N,"mmol s^-1 m^-1"
1999-06-15T00:00:00Z,0.374,33N,"mmol s^-1 m^-1"
1999-06-15T00:00:00Z,34.132,39N,"mmol s^-1 m^-1"
1999-06-15T00:00:00Z,1.005,45N,"mmol s^-1 m^-1"
1999-07-15T00:00:00Z,0.045,33N,"mmol s^-1 m^-1"
1999-07-15T00:00:00Z,17.461,39N,"mmol s^-1 m^-1"
1999-07-15T00:00:00Z,0.617,45N,"mmol s^-1 m^-1"
1999-08-15T00:00:00Z,0.029,33N,"mmol s^-1 m^-1"
1999-08-15T00:00:00Z,4.53,39N,"mmol s^-1 m^-1"
1999-08-15T00:00:00Z,0.242,45N,"mmol s^-1 m^-1"
1999-09-15T00:00:00Z,0.008,33N,"mmol s^-1 m^-1"
1999-09-15T00:00:00Z,8.033,39N,"mmol s^-1 m^-1"
1999-09-15T00:00:00Z,1.58,45N,"mmol s^-1 m^-1"
1999-10-15T00:00:00Z,0.011,33N,"mmol s^-1 m^-1"
1999-10-15T00:00:00Z,5.147,39N,"mmol s^-1 m^-1"
1999-10-15T00:00:00Z,0.488,45N,"mmol s^-1 m^-1"
1999-11-15T00:00:00Z,0.126,33N,"mmol s^-1 m^-1"
1999-11-15T00:00:00Z,-0.527,39N,"mmol s^-1 m^-1"
1999-11-15T00:00:00Z,-2.655,45N,"mmol s^-1 m^-1"
1999-12-15T00:00:00Z,0.642,33N,"mmol s^-1 m^-1"
1999-12-15T00:00:00Z,11.529,39N,"mmol s^-1 m^-1"
1999-12-15T00:00:00Z,0.301,45N,"mmol s^-1 m^-1"
2000-01-15T00:00:00Z,1.18,33N,"mmol s^-1 m^-1"
2000-01-15T00:00:00Z,1.528,39N,"mmol s^-1 m^-1"
2000-01-15T00:00:00Z,-3.466,45N,"mmol s^-1 m^-1"
2000-02-15T00:00:00Z,0.836,33N,"mmol s^-1 m^-1"
2000-02-15T00:00:00Z,-1.583,39N,"mmol s^-1 m^-1"
2000-02-15T00:00:00Z,-3.53,45N,"mmol s^-1 m^-1"
2000-03-15T00:00:00Z,1.859,33N,"mmol s^-1 m^-1"
2000-03-15T00:00:00Z,27.973,39N,"mmol s^-1 m^-1"
2000-03-15T00:00:00Z,1.511,45N,"mmol s^-1 m^-1"
2000-04-15T00:00:00Z,0.563,33N,"mmol s^-1 m^-1"
2000-04-15T00:00:00Z,9.752,39N,"mmol s^-1 m^-1"
2000-04-15T00:00:00Z,2.633,45N,"mmol s^-1 m^-1"
2000-05-15T00:00:00Z,0.248,33N,"mmol s^-1 m^-1"
2000-05-15T00:00:00Z,16.397,39N,"mmol s^-1 m^-1"
2000-05-15T00:00:00Z,0.741,45N,"mmol s^-1 m^-1"
2000-06-15T00:00:00Z,0.012,33N,"mmol s^-1 m^-1"
2000-06-15T00:00:00Z,13.302,39N,"mmol s^-1 m^-1"
2000-06-15T00:00:00Z,0.941,45N,"mmol s^-1 m^-1"
2000-07-15T00:00:00Z,0.007,33N,"mmol s^-1 m^-1"
2000-07-15T00:00:00Z,17.572,39N,"mmol s^-1 m^-1"
2000-07-15T00:00:00Z,1.196,45N,"mmol s^-1 m^-1"
2000-08-15T00:00:00Z,0.004,33N,"mmol s^-1 m^-1"
2000-08-15T00:00:00Z,10.495,39N,"mmol s^-1 m^-1"
2000-08-15T00:00:00Z,1.888,45N,"mmol s^-1 m^-1"
2000-09-15T00:00:00Z,0.003,33N,"mmol s^-1 m^-1"
2000-09-15T00:00:00Z,4.136,39N,"mmol s^-1 m^-1"
2000-09-15T00:00:00Z,0.196,45N,"mmol s^-1 m^-1"
2000-10-15T00:00:00Z,0.01,33N,"mmol s^-1 m^-1"
2000-10-15T00:00:00Z,6.293,39N,"mmol s^-1 m^-1"
2000-10-15T00:00:00Z,0.009,45N,"mmol s^-1 m^-1"
2000-11-15T00:00:00Z,0.349,33N,"mmol s^-1 m^-1"
2000-11-15T00:00:00Z,6.209,39N,"mmol s^-1 m^-1"
2000-11-15T00:00:00Z,0.778,45N,"mmol s^-1 m^-1"
2000-12-15T00:00:00Z,0.553,33N,"mmol s^-1 m^-1"
2000-12-15T00:00:00Z,3.499,39N,"mmol s^-1 m^-1"
2000-12-15T00:00:00Z,-3.765,45N,"mmol s^-1 m^-1"
2001-01-15T00:00:00Z,0.679,33N,"mmol s^-1 m^-1"
2001-01-15T00:00:00Z,4.392,39N,"mmol s^-1 m^-1"
2001-01-15T00:00:00Z,-6.389,45N,"mmol s^-1 m^-1"
2001-02-15T00:00:00Z,2.275,33N,"mmol s^-1 m^-1"
2001-02-15T00:00:00Z,5.834,39N,"mmol s^-1 m^-1"
2001-02-15T00:00:00Z,2.365,45N,"mmol s^-1 m^-1"
2001-03-15T00:00:00Z,1.361,33N,"mmol s^-1 m^-1"
2001-03-15T00:00:00Z,20.602,39N,"mmol s^-1 m^-1"
2001-03-15T00:00:00Z,7.201,45N,"mmol s^-1 m^-1"
2001-04-15T00:00:00Z,3.503,33N,"mmol s^-1 m^-1"
2001-04-15T00:00:00Z,25.426,39N,"mmol s^-1 m^-1"
2001-04-15T00:00:00Z,1.333,45N,"mmol s^-1 m^-1"
2001-05-15T00:00:00Z,0.013,33N,"mmol s^-1 m^-1"
2001-05-15T00:00:00Z,35.774,39N,"mmol s^-1 m^-1"
2001-05-15T00:00:00Z,5.048,45N,"mmol s^-1 m^-1"
2001-06-15T00:00:00Z,0.112,33N,"mmol s^-1 m^-1"
2001-06-15T00:00:00Z,32.484,39N,"mmol s^-1 m^-1"
2001-06-15T00:00:00Z,1.273,45N,"mmol s^-1 m^-1"
2001-07-15T00:00:00Z,0.169,33N,"mmol s^-1 m^-1"
2001-07-15T00:00:00Z,21.196,39N,"mmol s^-1 m^-1"
2001-07-15T00:00:00Z,2.678,45N,"mmol s^-1 m^-1"
2001-08-15T00:00:00Z,0.067,33N,"mmol s^-1 m^-1"
2001-08-15T00:00:00Z,9.63,39N,"mmol s^-1 m^-1"
2001-08-15T00:00:00Z,0.21,45N,"mmol s^-1 m^-1"
2001-09-15T00:00:00Z,0.036,33N,"mmol s^-1 m^-1"
2001-09-15T00:00:00Z,6.161,39N,"mmol s^-1 m^-1"
2001-09-15T00:00:00Z,1.135,45N,"mmol s^-1 m^-1"
2001-10-15T00:00:00Z,0.013,33N,"mmol s^-1 m^-1"
2001-10-15T00:00:00Z,9.323,39N,"mmol s^-1 m^-1"
2001-10-15T00:00:00Z,0.272,45N,"mmol s^-1 m^-1"
2001-11-15T00:00:00Z,0.076,33N,"mmol s^-1 m^-1"
2001-11-15T00:00:00Z,0.97,39N,"mmol s^-1 m^-1"
2001-11-15T00:00:00Z,-3.304,45N,"mmol s^-1 m^-1"
2001-12-15T00:00:00Z,1.302,33N,"mmol s^-1 m^-1"
2001-12-15T00:00:00Z,4.675,39N,"mmol s^-1 m^-1"
2001-12-15T00:00:00Z,-2.247,45N,"mmol s^-1 m^-1"
2002-01-15T00:00:00Z,1.448,33N,"mmol s^-1 m^-1"
2002-01-15T00:00:00Z,12.807,39N,"mmol s^-1 m^-1"
2002-01-15T00:00:00Z,-2.613,45N,"mmol s^-1 m^-1"
2002-02-15T00:00:00Z,1.666,33N,"mmol s^-1 m^-1"
2002-02-15T00:00:00Z,4.81,39N,"mmol s^-1 m^-1"
2002-02-15T00:00:00Z,1.159,45N,"mmol s^-1 m^-1"
2002-03-15T00:00:00Z,4.543,33N,"mmol s^-1 m^-1"
2002-03-15T00:00:00Z,18.625,39N,"mmol s^-1 m^-1"
2002-03-15T00:00:00Z,3.336,45N,"mmol s^-1 m^-1"
2002-04-15T00:00:00Z,2.233,33N,"mmol s^-1 m^-1"
2002-04-15T00:00:00Z,25.684,39N,"mmol s^-1 m^-1"
2002-04-15T00:00:00Z,9.225,45N,"mmol s^-1 m^-1"
2002-05-15T00:00:00Z,1.554,33N,"mmol s^-1 m^-1"
2002-05-15T00:00:00Z,35.645,39N,"mmol s^-1 m^-1"
2002-05-15T00:00:00Z,5.094,45N,"mmol s^-1 m^-1"
2002-06-15T00:00:00Z,0.338,33N,"mmol s^-1 m^-1"
2002-06-15T00:00:00Z,50.279,39N,"mmol s^-1 m^-1"
2002-06-15T00:00:00Z,1.324,45N,"mmol s^-1 m^-1"
2002-07-15T00:00:00Z,0.111,33N,"mmol s^-1 m^-1"
2002-07-15T00:00:00Z,17.338,39N,"mmol s^-1 m^-1"
2002-07-15T00:00:00Z,2.078,45N,"mmol s^-1 m^-1"
2002-08-15T00:00:00Z,0.036,33N,"mmol s^-1 m^-1"
2002-08-15T00:00:00Z,17.016,39N,"mmol s^-1 m^-1"
2002-08-15T00:00:00Z,2.656,45N,"mmol s^-1 m^-1"
2002-09-15T00:00:00Z,0.011,33N,"mmol s^-1 m^-1"
2002-09-15T00:00:00Z,5.542,39N,"mmol s^-1 m^-1"
2002-09-15T00:00:00Z,1.375,45N,"mmol s^-1 m^-1"
2002-10-15T00:00:00Z,0.025,33N,"mmol s^-1 m^-1"
2002-10-15T00:00:00Z,10.907,39N,"mmol s^-1 m^-1"
2002-10-15T00:00:00Z,2.805,45N,"mmol s^-1 m^-1"
2002-11-15T00:00:00Z,0.082,33N,"mmol s^-1 m^-1"
2002-11-15T00:00:00Z,-1.168,39N,"mmol s^-1 m^-1"
2002-11-15T00:00:00Z,-6.708,45N,"mmol s^-1 m^-1"
2002-12-15T00:00:00Z,0.242,33N,"mmol s^-1 m^-1"
2002-12-15T00:00:00Z,-3.741,39N,"mmol s^-1 m^-1"
2002-12-15T00:00:00Z,-3.578,45N,"mmol s^-1 m^-1"
2003-01-15T00:00:00Z,0.27,33N,"mmol s^-1 m^-1"
2003-01-15T00:00:00Z,-0.322,39N,"mmol s^-1 m^-1"
2003-01-15T00:00:00Z,-2.239,45N,"mmol s^-1 m^-1"
2003-02-15T00:00:00Z,0.364,33N,"mmol s^-1 m^-1"
2003-02-15T00:00:00Z,6.145,39N,"mmol s^-1 m^-1"
2003-02-15T00:00:00Z,0.661,45N,"mmol s^-1 m^-1"
2003-03-15T00:00:00Z,1.844,33N,"mmol s^-1 m^-1"
2003-03-15T00:00:00Z,8.352,39N,"mmol s^-1 m^-1"
2003-03-15T00:00:00Z,-3.281,45N,"mmol s^-1 m^-1"
2003-04-15T00:00:00Z,2.431,33N,"mmol s^-1 m^-1"
2003-04-15T00:00:00Z,8.566,39N,"mmol s^-1 m^-1"
2003-04-15T00:00:00Z,-1.773,45N,"mmol s^-1 m^-1"
2003-05-15T00:00:00Z,1.24,33N,"mmol s^-1 m^-1"
2003-05-15T00:00:00Z,28.824,39N,"mmol s^-1 m^-1"
2003-05-15T00:00:00Z,1.385,45N,"mmol s^-1 m^-1"
2003-06-15T00:00:00Z,0.673,33N,"mmol s^-1 m^-1"
2003-06-15T00:00:00Z,32.966,39N,"mmol s^-1 m^-1"
2003-06-15T00:00:00Z,2.148,45N,"mmol s^-1 m^-1"
2003-07-15T00:00:00Z,0.15,33N,"mmol s^-1 m^-1"
2003-07-15T00:00:00Z,24.147,39N,"mmol s^-1 m^-1"
2003-07-15T00:00:00Z,2.133,45N,"mmol s^-1 m^-1"
2003-08-15T00:00:00Z,0.05,33N,"mmol s^-1 m^-1"
2003-08-15T00:00:00Z,3.365,39N,"mmol s^-1 m^-1"
2003-08-15T00:00:00Z,0.758,45N,"mmol s^-1 m^-1"
2003-09-15T00:00:00Z,0.015,33N,"mmol s^-1 m^-1"
2003-09-15T00:00:00Z,3.004,39N,"mmol s^-1 m^-1"
2003-09-15T00:00:00Z,1.34,45N,"mmol s^-1 m^-1"
2003-10-15T00:00:00Z,0.024,33N,"mmol s^-1 m^-1"
2003-10-15T00:00:00Z,7.212,39N,"mmol s^-1 m^-1"
2003-10-15T00:00:00Z,-0.363,45N,"mmol s^-1 m^-1"
2003-11-15T00:00:00Z,0.097,33N,"mmol s^-1 m^-1"
2003-11-15T00:00:00Z,0.291,39N,"mmol s^-1 m^-1"
2003-11-15T00:00:00Z,-0.252,45N,"mmol s^-1 m^-1"
2003-12-15T00:00:00Z,0.305,33N,"mmol s^-1 m^-1"
2003-12-15T00:00:00Z,-2.752,39N,"mmol s^-1 m^-1"
2003-12-15T00:00:00Z,-1.452,45N,"mmol s^-1 m^-1"
2004-01-15T00:00:00Z,0.952,33N,"mmol s^-1 m^-1"
2004-01-15T00:00:00Z,2.505,39N,"mmol s^-1 m^-1"
2004-01-15T00:00:00Z,-2.698,45N,"mmol s^-1 m^-1"
2004-02-15T00:00:00Z,1.807,33N,"mmol s^-1 m^-1"
2004-02-15T00:00:00Z,0.99,39N,"mmol s^-1 m^-1"
2004-02-15T00:00:00Z,-2.219,45N,"mmol s^-1 m^-1"
2004-03-15T00:00:00Z,1.441,33N,"mmol s^-1 m^-1"
2004-03-15T00:00:00Z,19.905,39N,"mmol s^-1 m^-1"
2004-03-15T00:00:00Z,2.348,45N,"mmol s^-1 m^-1"
2004-04-15T00:00:00Z,0.729,33N,"mmol s^-1 m^-1"
2004-04-15T00:00:00Z,12.705,39N,"mmol s^-1 m^-1"
2004-04-15T00:00:00Z,0.962,45N,"mmol s^-1 m^-1"
2004-05-15T00:00:00Z,0.37,33N,"mmol s^-1 m^-1"
2004-05-15T00:00:00Z,15.662,39N,"mmol s^-1 m^-1"
2004-05-15T00:00:00Z,0.413,45N,"mmol s^-1 m^-1"
2004-06-15T00:00:00Z,0.249,33N,"mmol s^-1 m^-1"
2004-06-15T00:00:00Z,19.932,39N,"mmol s^-1 m^-1"
2004-06-15T00:00:00Z,0.524,45N,"mmol s^-1 m^-1"
2004-07-15T00:00:00Z,0.062,33N,"mmol s^-1 m^-1"
2004-07-15T00:00:00Z,6.035,39N,"mmol s^-1 m^-1"
2004-07-15T00:00:00Z,0.803,45N,"mmol s^-1 m^-1"
2004-08-15T00:00:00Z,0.044,33N,"mmol s^-1 m^-1"
2004-08-15T00:00:00Z,3.154,39N,"mmol s^-1 m^-1"
2004-08-15T00:00:00Z,0.548,45N,"mmol s^-1 m^-1"
2004-09-15T00:00:00Z,0.008,33N,"mmol s^-1 m^-1"
2004-09-15T00:00:00Z,8.163,39N,"mmol s^-1 m^-1"
2004-09-15T00:00:00Z,0.232,45N,"mmol s^-1 m^-1"
2004-10-15T00:00:00Z,0.005,33N,"mmol s^-1 m^-1"
2004-10-15T00:00:00Z,2.511,39N,"mmol s^-1 m^-1"
2004-10-15T00:00:00Z,-0.038,45N,"mmol s^-1 m^-1"
2004-11-15T00:00:00Z,0.058,33N,"mmol s^-1 m^-1"
2004-11-15T00:00:00Z,9.429,39N,"mmol s^-1 m^-1"
2004-11-15T00:00:00Z,2.064,45N,"mmol s^-1 m^-1"
2004-12-15T00:00:00Z,0.079,33N,"mmol s^-1 m^-1"
2004-12-15T00:00:00Z,2.098,39N,"mmol s^-1 m^-1"
2004-12-15T00:00:00Z,-1.408,45N,"mmol s^-1 m^-1"
2005-01-15T00:00:00Z,0.219,33N,"mmol s^-1 m^-1"
2005-01-15T00:00:00Z,-3.713,39N,"mmol s^-1 m^-1"
2005-01-15T00:00:00Z,-3.96,45N,"mmol s^-1 m^-1"
2005-02-15T00:00:00Z,0.14,33N,"mmol s^-1 m^-1"
2005-02-15T00:00:00Z,-0.148,39N,"mmol s^-1 m^-1"
2005-02-15T00:00:00Z,1.764,45N,"mmol s^-1 m^-1"
2005-03-15T00:00:00Z,0.461,33N,"mmol s^-1 m^-1"
2005-03-15T00:00:00Z,3.883,39N,"mmol s^-1 m^-1"
2005-03-15T00:00:00Z,-1.503,45N,"mmol s^-1 m^-1"
2005-04-15T00:00:00Z,2.305,33N,"mmol s^-1 m^-1"
2005-04-15T00:00:00Z,14.673,39N,"mmol s^-1 m^-1"
2005-04-15T00:00:00Z,0.623,45N,"mmol s^-1 m^-1"
2005-05-15T00:00:00Z,0.353,33N,"mmol s^-1 m^-1"
2005-05-15T00:00:00Z,6.595,39N,"mmol s^-1 m^-1"
2005-05-15T00:00:00Z,-0.182,45N,"mmol s^-1 m^-1"
2005-06-15T00:00:00Z,0.357,33N,"mmol s^-1 m^-1"
2005-06-15T00:00:00Z,22.635,39N,"mmol s^-1 m^-1"
2005-06-15T00:00:00Z,0.108,45N,"mmol s^-1 m^-1"
2005-07-15T00:00:00Z,0.152,33N,"mmol s^-1 m^-1"
2005-07-15T00:00:00Z,17.63,39N,"mmol s^-1 m^-1"
2005-07-15T00:00:00Z,1.121,45N,"mmol s^-1 m^-1"
2005-08-15T00:00:00Z,0.014,33N,"mmol s^-1 m^-1"
2005-08-15T00:00:00Z,14.45,39N,"mmol s^-1 m^-1"
2005-08-15T00:00:00Z,1.52,45N,"mmol s^-1 m^-1"
2005-09-15T00:00:00Z,0.013,33N,"mmol s^-1 m^-1"
2005-09-15T00:00:00Z,13.905,39N,"mmol s^-1 m^-1"
2005-09-15T00:00:00Z,1.985,45N,"mmol s^-1 m^-1"
2005-10-15T00:00:00Z,0.043,33N,"mmol s^-1 m^-1"
2005-10-15T00:00:00Z,5.216,39N,"mmol s^-1 m^-1"
2005-10-15T00:00:00Z,-0.356,45N,"mmol s^-1 m^-1"
2005-11-15T00:00:00Z,0.217,33N,"mmol s^-1 m^-1"
2005-11-15T00:00:00Z,4.768,39N,"mmol s^-1 m^-1"
2005-11-15T00:00:00Z,0.055,45N,"mmol s^-1 m^-1"
2005-12-15T00:00:00Z,0.659,33N,"mmol s^-1 m^-1"
2005-12-15T00:00:00Z,0.62,39N,"mmol s^-1 m^-1"
2005-12-15T00:00:00Z,-4.977,45N,"mmol s^-1 m^-1"
2006-01-15T00:00:00Z,1.138,33N,"mmol s^-1 m^-1"
2006-01-15T00:00:00Z,0.436,39N,"mmol s^-1 m^-1"
2006-01-15T00:00:00Z,-1.918,45N,"mmol s^-1 m^-1"
2006-02-15T00:00:00Z,0.86,33N,"mmol s^-1 m^-1"
2006-02-15T00:00:00Z,7.256,39N,"mmol s^-1 m^-1"
2006-02-15T00:00:00Z,0.474,45N,"mmol s^-1 m^-1"
2006-03-15T00:00:00Z,3.719,33N,"mmol s^-1 m^-1"
2006-03-15T00:00:00Z,3.812,39N,"mmol s^-1 m^-1"
2006-03-15T00:00:00Z,-6.512,45N,"mmol s^-1 m^-1"
2006-04-15T00:00:00Z,0.582,33N,"mmol s^-1 m^-1"
2006-04-15T00:00:00Z,16.844,39N,"mmol s^-1 m^-1"
2006-04-15T00:00:00Z,2.45,45N,"mmol s^-1 m^-1"
2006-05-15T00:00:00Z,0.559,33N,"mmol s^-1 m^-1"
2006-05-15T00:00:00Z,26.808,39N,"mmol s^-1 m^-1"
2006-05-15T00:00:00Z,5.747,45N,"mmol s^-1 m^-1"
2006-06-15T00:00:00Z,0.124,33N,"mmol s^-1 m^-1"
2006-06-15T00:00:00Z,20.094,39N,"mmol s^-1 m^-1"
2006-06-15T00:00:00Z,1.689,45N,"mmol s^-1 m^-1"
2006-07-15T00:00:00Z,0.022,33N,"mmol s^-1 m^-1"
2006-07-15T00:00:00Z,17.093,39N,"mmol s^-1 m^-1"
2006-07-15T00:00:00Z,1.528,45N,"mmol s^-1 m^-1"
2006-08-15T00:00:00Z,0.005,33N,"mmol s^-1 m^-1"
2006-08-15T00:00:00Z,17.761,39N,"mmol s^-1 m^-1"
2006-08-15T00:00:00Z,3.156,45N,"mmol s^-1 m^-1"
2006-09-15T00:00:00Z,0.017,33N,"mmol s^-1 m^-1"
2006-09-15T00:00:00Z,15.677,39N,"mmol s^-1 m^-1"
2006-09-15T00:00:00Z,0.732,45N,"mmol s^-1 m^-1"
2006-10-15T00:00:00Z,0.014,33N,"mmol s^-1 m^-1"
2006-10-15T00:00:00Z,2.139,39N,"mmol s^-1 m^-1"
2006-10-15T00:00:00Z,1.135,45N,"mmol s^-1 m^-1"
2006-11-15T00:00:00Z,0.027,33N,"mmol s^-1 m^-1"
2006-11-15T00:00:00Z,0.677,39N,"mmol s^-1 m^-1"
2006-11-15T00:00:00Z,-2.379,45N,"mmol s^-1 m^-1"
2006-12-15T00:00:00Z,0.35,33N,"mmol s^-1 m^-1"
2006-12-15T00:00:00Z,2.333,39N,"mmol s^-1 m^-1"
2006-12-15T00:00:00Z,-3.938,45N,"mmol s^-1 m^-1"
2007-01-15T00:00:00Z,1.087,33N,"mmol s^-1 m^-1"
2007-01-15T00:00:00Z,13.363,39N,"mmol s^-1 m^-1"
2007-01-15T00:00:00Z,1.017,45N,"mmol s^-1 m^-1"
2007-02-15T00:00:00Z,1.623,33N,"mmol s^-1 m^-1"
2007-02-15T00:00:00Z,14.716,39N,"mmol s^-1 m^-1"
2007-02-15T00:00:00Z,-2.552,45N,"mmol s^-1 m^-1"
2007-03-15T00:00:00Z,2.325,33N,"mmol s^-1 m^-1"
2007-03-15T00:00:00Z,26.715,39N,"mmol s^-1 m^-1"
2007-03-15T00:00:00Z,0.736,45N,"mmol s^-1 m^-1"
2007-04-15T00:00:00Z,3.275,33N,"mmol s^-1 m^-1"
2007-04-15T00:00:00Z,25.383,39N,"mmol s^-1 m^-1"
2007-04-15T00:00:00Z,0.717,45N,"mmol s^-1 m^-1"
2007-05-15T00:00:00Z,1.435,33N,"mmol s^-1 m^-1"
2007-05-15T00:00:00Z,34.307,39N,"mmol s^-1 m^-1"
2007-05-15T00:00:00Z,7.923,45N,"mmol s^-1 m^-1"
2007-06-15T00:00:00Z,0.457,33N,"mmol s^-1 m^-1"
2007-06-15T00:00:00Z,33.5,39N,"mmol s^-1 m^-1"
2007-06-15T00:00:00Z,0.472,45N,"mmol s^-1 m^-1"
2007-07-15T00:00:00Z,0.042,33N,"mmol s^-1 m^-1"
2007-07-15T00:00:00Z,12.17,39N,"mmol s^-1 m^-1"
2007-07-15T00:00:00Z,0.372,45N,"mmol s^-1 m^-1"
2007-08-15T00:00:00Z,0.013,33N,"mmol s^-1 m^-1"
2007-08-15T00:00:00Z,6.951,39N,"mmol s^-1 m^-1"
2007-08-15T00:00:00Z,0.327,45N,"mmol s^-1 m^-1"
2007-09-15T00:00:00Z,0.025,33N,"mmol s^-1 m^-1"
2007-09-15T00:00:00Z,8.099,39N,"mmol s^-1 m^-1"
2007-09-15T00:00:00Z,0.884,45N,"mmol s^-1 m^-1"
2007-10-15T00:00:00Z,0.068,33N,"mmol s^-1 m^-1"
2007-10-15T00:00:00Z,4.365,39N,"mmol s^-1 m^-1"
2007-10-15T00:00:00Z,0.262,45N,"mmol s^-1 m^-1"
2007-11-15T00:00:00Z,0.101,33N,"mmol s^-1 m^-1"
2007-11-15T00:00:00Z,9.757,39N,"mmol s^-1 m^-1"
2007-11-15T00:00:00Z,0.562,45N,"mmol s^-1 m^-1"
2007-12-15T00:00:00Z,1.995,33N,"mmol s^-1 m^-1"
2007-12-15T00:00:00Z,6.841,39N,"mmol s^-1 m^-1"
2007-12-15T00:00:00Z,-10.553,45N,"mmol s^-1 m^-1"
2008-01-15T00:00:00Z,0.95,33N,"mmol s^-1 m^-1"
2008-01-15T00:00:00Z,0.173,39N,"mmol s^-1 m^-1"
2008-01-15T00:00:00Z,-5.914,45N,"mmol s^-1 m^-1"
2008-02-15T00:00:00Z,2.579,33N,"mmol s^-1 m^-1"
2008-02-15T00:00:00Z,15.419,39N,"mmol s^-1 m^-1"
2008-02-15T00:00:00Z,-1.289,45N,"mmol s^-1 m^-1"
2008-03-15T00:00:00Z,3.871,33N,"mmol s^-1 m^-1"
2008-03-15T00:00:00Z,26.171,39N,"mmol s^-1 m^-1"
2008-03-15T00:00:00Z,0.956,45N,"mmol s^-1 m^-1"
2008-04-15T00:00:00Z,3.223,33N,"mmol s^-1 m^-1"
2008-04-15T00:00:00Z,22.793,39N,"mmol s^-1 m^-1"
2008-04-15T00:00:00Z,5.266,45N,"mmol s^-1 m^-1"
2008-05-15T00:00:00Z,1.344,33N,"mmol s^-1 m^-1"
2008-05-15T00:00:00Z,40.162,39N,"mmol s^-1 m^-1"
2008-05-15T00:00:00Z,10.097,45N,"mmol s^-1 m^-1"
2008-06-15T00:00:00Z,0.428,33N,"mmol s^-1 m^-1"
2008-06-15T00:00:00Z,39.454,39N,"mmol s^-1 m^-1"
2008-06-15T00:00:00Z,4.376,45N,"mmol s^-1 m^-1"
2008-07-15T00:00:00Z,0.066,33N,"mmol s^-1 m^-1"
2008-07-15T00:00:00Z,13.561,39N,"mmol s^-1 m^-1"
2008-07-15T00:00:00Z,5.031,45N,"mmol s^-1 m^-1"
2008-08-15T00:00:00Z,0.01,33N,"mmol s^-1 m^-1"
2008-08-15T00:00:00Z,15.841,39N,"mmol s^-1 m^-1"
2008-08-15T00:00:00Z,0.815,45N,"mmol s^-1 m^-1"
2008-09-15T00:00:00Z,0.012,33N,"mmol s^-1 m^-1"
2008-09-15T00:00:00Z,4.644,39N,"mmol s^-1 m^-1"
2008-09-15T00:00:00Z,2.087,45N,"mmol s^-1 m^-1"
2008-10-15T00:00:00Z,0.023,33N,"mmol s^-1 m^-1"
2008-10-15T00:00:00Z,8.455,39N,"mmol s^-1 m^-1"
2008-10-15T00:00:00Z,-0.438,45N,"mmol s^-1 m^-1"
2008-11-15T00:00:00Z,0.052,33N,"mmol s^-1 m^-1"
2008-11-15T00:00:00Z,1.164,39N,"mmol s^-1 m^-1"
2008-11-15T00:00:00Z,-1.025,45N,"mmol s^-1 m^-1"
2008-12-15T00:00:00Z,0.269,33N,"mmol s^-1 m^-1"
2008-12-15T00:00:00Z,6.34,39N,"mmol s^-1 m^-1"
2008-12-15T00:00:00Z,-0.92,45N,"mmol s^-1 m^-1"
2009-01-15T00:00:00Z,-0.171,33N,"mmol s^-1 m^-1"
2009-01-15T00:00:00Z,5.413,39N,"mmol s^-1 m^-1"
2009-01-15T00:00:00Z,0.529,45N,"mmol s^-1 m^-1"
2009-02-15T00:00:00Z,1.209,33N,"mmol s^-1 m^-1"
2009-02-15T00:00:00Z,-1.243,39N,"mmol s^-1 m^-1"
2009-02-15T00:00:00Z,0.501,45N,"mmol s^-1 m^-1"
2009-03-15T00:00:00Z,1.365,33N,"mmol s^-1 m^-1"
2009-03-15T00:00:00Z,26.478,39N,"mmol s^-1 m^-1"
2009-03-15T00:00:00Z,1.458,45N,"mmol s^-1 m^-1"
2009-04-15T00:00:00Z,1.965,33N,"mmol s^-1 m^-1"
2009-04-15T00:00:00Z,27.489,39N,"mmol s^-1 m^-1"
2009-04-15T00:00:00Z,5.814,45N,"mmol s^-1 m^-1"
2009-05-15T00:00:00Z,0.755,33N,"mmol s^-1 m^-1"
2009-05-15T00:00:00Z,26.164,39N,"mmol s^-1 m^-1"
2009-05-15T00:00:00Z,4.815,45N,"mmol s^-1 m^-1"
2009-06-15T00:00:00Z,0.379,33N,"mmol s^-1 m^-1"
2009-06-15T00:00:00Z,15.854,39N,"mmol s^-1 m^-1"
2009-06-15T00:00:00Z,2.868,45N,"mmol s^-1 m^-1"
2009-07-15T00:00:00Z,0.025,33N,"mmol s^-1 m^-1"
2009-07-15T00:00:00Z,13.123,39N,"mmol s^-1 m^-1"
2009-07-15T00:00:00Z,4.598,45N,"mmol s^-1 m^-1"
2009-08-15T00:00:00Z,0.02,33N,"mmol s^-1 m^-1"
2009-08-15T00:00:00Z,5.684,39N,"mmol s^-1 m^-1"
2009-08-15T00:00:00Z,1.492,45N,"mmol s^-1 m^-1"
2009-09-15T00:00:00Z,0.018,33N,"mmol s^-1 m^-1"
2009-09-15T00:00:00Z,3.422,39N,"mmol s^-1 m^-1"
2009-09-15T00:00:00Z,-0.021,45N,"mmol s^-1 m^-1"
2009-10-15T00:00:00Z,0.017,33N,"mmol s^-1 m^-1"
2009-10-15T00:00:00Z,9.848,39N,"mmol s^-1 m^-1"
2009-10-15T00:00:00Z,0.008,45N,"mmol s^-1 m^-1"
2009-11-15T00:00:00Z,0.076,33N,"mmol s^-1 m^-1"
2009-11-15T00:00:00Z,7.944,39N,"mmol s^-1 m^-1"
2009-11-15T00:00:00Z,-1.8,45N,"mmol s^-1 m^-1"
2009-12-15T00:00:00Z,0.237,33N,"mmol s^-1 m^-1"
2009-12-15T00:00:00Z,-1.357,39N,"mmol s^-1 m^-1"
2009-12-15T00:00:00Z,-4.174,45N,"mmol s^-1 m^-1"
2010-01-15T00:00:00Z,0.262,33N,"mmol s^-1 m^-1"
2010-01-15T00:00:00Z,-2.49,39N,"mmol s^-1 m^-1"
2010-01-15T00:00:00Z,-9.561,45N,"mmol s^-1 m^-1"
2010-02-15T00:00:00Z,0.385,33N,"mmol s^-1 m^-1"
2010-02-15T00:00:00Z,0.826,39N,"mmol s^-1 m^-1"
2010-02-15T00:00:00Z,-1.632,45N,"mmol s^-1 m^-1"
2010-03-15T00:00:00Z,1.225,33N,"mmol s^-1 m^-1"
2010-03-15T00:00:00Z,8.798,39N,"mmol s^-1 m^-1"
2010-03-15T00:00:00Z,-1.151,45N,"mmol s^-1 m^-1"
2010-04-15T00:00:00Z,1.925,33N,"mmol s^-1 m^-1"
2010-04-15T00:00:00Z,20.924,39N,"mmol s^-1 m^-1"
2010-04-15T00:00:00Z,0.72,45N,"mmol s^-1 m^-1"
2010-05-15T00:00:00Z,1.769,33N,"mmol s^-1 m^-1"
2010-05-15T00:00:00Z,18.487,39N,"mmol s^-1 m^-1"
2010-05-15T00:00:00Z,1.197,45N,"mmol s^-1 m^-1"
2010-06-15T00:00:00Z,2.112,33N,"mmol s^-1 m^-1"
2010-06-15T00:00:00Z,31.701,39N,"mmol s^-1 m^-1"
2010-06-15T00:00:00Z,0.482,45N,"mmol s^-1 m^-1"
2010-07-15T00:00:00Z,0.592,33N,"mmol s^-1 m^-1"
2010-07-15T00:00:00Z,26.393,39N,"mmol s^-1 m^-1"
2010-07-15T00:00:00Z,6.774,45N,"mmol s^-1 m^-1"
2010-08-15T00:00:00Z,0.119,33N,"mmol s^-1 m^-1"
2010-08-15T00:00:00Z,18.372,39N,"mmol s^-1 m^-1"
2010-08-15T00:00:00Z,2.789,45N,"mmol s^-1 m^-1"
2010-09-15T00:00:00Z,0.091,33N,"mmol s^-1 m^-1"
2010-09-15T00:00:00Z,5.376,39N,"mmol s^-1 m^-1"
2010-09-15T00:00:00Z,-0.018,45N,"mmol s^-1 m^-1"
2010-10-15T00:00:00Z,0.046,33N,"mmol s^-1 m^-1"
2010-10-15T00:00:00Z,4.444,39N,"mmol s^-1 m^-1"
2010-10-15T00:00:00Z,-0.035,45N,"mmol s^-1 m^-1"
2010-11-15T00:00:00Z,0.575,33N,"mmol s^-1 m^-1"
2010-11-15T00:00:00Z,6.146,39N,"mmol s^-1 m^-1"
2010-11-15T00:00:00Z,-0.99,45N,"mmol s^-1 m^-1"
2010-12-15T00:00:00Z,0.76,33N,"mmol s^-1 m^-1"
2010-12-15T00:00:00Z,-3.95,39N,"mmol s^-1 m^-1"
2010-12-15T00:00:00Z,-9.392,45N,"mmol s^-1 m^-1"
2011-01-15T00:00:00Z,-0.425,33N,"mmol s^-1 m^-1"
2011-01-15T00:00:00Z,5.237,39N,"mmol s^-1 m^-1"
2011-01-15T00:00:00Z,0.121,45N,"mmol s^-1 m^-1"
2011-02-15T00:00:00Z,0.872,33N,"mmol s^-1 m^-1"
2011-02-15T00:00:00Z,7.107,39N,"mmol s^-1 m^-1"
2011-02-15T00:00:00Z,1.85,45N,"mmol s^-1 m^-1"
2011-03-15T00:00:00Z,1.945,33N,"mmol s^-1 m^-1"
2011-03-15T00:00:00Z,-1.285,39N,"mmol s^-1 m^-1"
2011-03-15T00:00:00Z,-8.544,45N,"mmol s^-1 m^-1"
2011-04-15T00:00:00Z,1.254,33N,"mmol s^-1 m^-1"
2011-04-15T00:00:00Z,16.158,39N,"mmol s^-1 m^-1"
2011-04-15T00:00:00Z,3.24,45N,"mmol s^-1 m^-1"
2011-05-15T00:00:00Z,1.377,33N,"mmol s^-1 m^-1"
2011-05-15T00:00:00Z,24.877,39N,"mmol s^-1 m^-1"
2011-05-15T00:00:00Z,0.8,45N,"mmol s^-1 m^-1"
2011-06-15T00:00:00Z,0.572,33N,"mmol s^-1 m^-1"
2011-06-15T00:00:00Z,26.033,39N,"mmol s^-1 m^-1"
2011-06-15T00:00:00Z,0.993,45N,"mmol s^-1 m^-1"
2011-07-15T00:00:00Z,0.086,33N,"mmol s^-1 m^-1"
2011-07-15T00:00:00Z,18.616,39N,"mmol s^-1 m^-1"
2011-07-15T00:00:00Z,2.693,45N,"mmol s^-1 m^-1"
2011-08-15T00:00:00Z,0.048,33N,"mmol s^-1 m^-1"
2011-08-15T00:00:00Z,12.855,39N,"mmol s^-1 m^-1"
2011-08-15T00:00:00Z,2.12,45N,"mmol s^-1 m^-1"
2011-09-15T00:00:00Z,0.032,33N,"mmol s^-1 m^-1"
2011-09-15T00:00:00Z,4.337,39N,"mmol s^-1 m^-1"
2011-09-15T00:00:00Z,0.553,45N,"mmol s^-1 m^-1"
2011-10-15T00:00:00Z,0.071,33N,"mmol s^-1 m^-1"
2011-10-15T00:00:00Z,3.399,39N,"mmol s^-1 m^-1"
2011-10-15T00:00:00Z,0.011,45N,"mmol s^-1 m^-1"
2011-11-15T00:00:00Z,0.101,33N,"mmol s^-1 m^-1"
2011-11-15T00:00:00Z,3.759,39N,"mmol s^-1 m^-1"
2011-11-15T00:00:00Z,-1.497,45N,"mmol s^-1 m^-1"
2011-12-15T00:00:00Z,0.41,33N,"mmol s^-1 m^-1"
2011-12-15T00:00:00Z,11.095,39N,"mmol s^-1 m^-1"
2011-12-15T00:00:00Z,3.266,45N,"mmol s^-1 m^-1"
2012-01-15T00:00:00Z,0.956,33N,"mmol s^-1 m^-1"
2012-01-15T00:00:00Z,2.599,39N,"mmol s^-1 m^-1"
2012-01-15T00:00:00Z,-10.551,45N,"mmol s^-1 m^-1"
2012-02-15T00:00:00Z,2.282,33N,"mmol s^-1 m^-1"
2012-02-15T00:00:00Z,20.855,39N,"mmol s^-1 m^-1"
2012-02-15T00:00:00Z,0.562,45N,"mmol s^-1 m^-1"
2012-03-15T00:00:00Z,3.29,33N,"mmol s^-1 m^-1"
2012-03-15T00:00:00Z,-0.643,39N,"mmol s^-1 m^-1"
2012-03-15T00:00:00Z,-14.831,45N,"mmol s^-1 m^-1"
2012-04-15T00:00:00Z,2.121,33N,"mmol s^-1 m^-1"
2012-04-15T00:00:00Z,9.997,39N,"mmol s^-1 m^-1"
2012-04-15T00:00:00Z,-3.867,45N,"mmol s^-1 m^-1"
2012-05-15T00:00:00Z,1.425,33N,"mmol s^-1 m^-1"
2012-05-15T00:00:00Z,32.041,39N,"mmol s^-1 m^-1"
2012-05-15T00:00:00Z,4.752,45N,"mmol s^-1 m^-1"
2012-06-15T00:00:00Z,0.699,33N,"mmol s^-1 m^-1"
2012-06-15T00:00:00Z,29.181,39N,"mmol s^-1 m^-1"
2012-06-15T00:00:00Z,0.762,45N,"mmol s^-1 m^-1"
2012-07-15T00:00:00Z,0.099,33N,"mmol s^-1 m^-1"
2012-07-15T00:00:00Z,17.74,39N,"mmol s^-1 m^-1"
2012-07-15T00:00:00Z,2.482,45N,"mmol s^-1 m^-1"
2012-08-15T00:00:00Z,0.007,33N,"mmol s^-1 m^-1"
2012-08-15T00:00:00Z,8.836,39N,"mmol s^-1 m^-1"
2012-08-15T00:00:00Z,2.375,45N,"mmol s^-1 m^-1"
2012-09-15T00:00:00Z,0.007,33N,"mmol s^-1 m^-1"
2012-09-15T00:00:00Z,5.24,39N,"mmol s^-1 m^-1"
2012-09-15T00:00:00Z,2.184,45N,"mmol s^-1 m^-1"
2012-10-15T00:00:00Z,0.007,33N,"mmol s^-1 m^-1"
2012-10-15T00:00:00Z,1.631,39N,"mmol s^-1 m^-1"
2012-10-15T00:00:00Z,0.124,45N,"mmol s^-1 m^-1"
2012-11-15T00:00:00Z,0.035,33N,"mmol s^-1 m^-1"
2012-11-15T00:00:00Z,-0.22,39N,"mmol s^-1 m^-1"
2012-11-15T00:00:00Z,-1.172,45N,"mmol s^-1 m^-1"
2012-12-15T00:00:00Z,0.279,33N,"mmol s^-1 m^-1"
2012-12-15T00:00:00Z,1.887,39N,"mmol s^-1 m^-1"
2012-12-15T00:00:00Z,-1.014,45N,"mmol s^-1 m^-1"
2013-01-15T00:00:00Z,2.054,33N,"mmol s^-1 m^-1"
2013-01-15T00:00:00Z,7.699,39N,"mmol s^-1 m^-1"
2013-01-15T00:00:00Z,-0.335,45N,"mmol s^-1 m^-1"
2013-02-15T00:00:00Z,2.925,33N,"mmol s^-1 m^-1"
2013-02-15T00:00:00Z,21.821,39N,"mmol s^-1 m^-1"
2013-02-15T00:00:00Z,-0.963,45N,"mmol s^-1 m^-1"
2013-03-15T00:00:00Z,1.966,33N,"mmol s^-1 m^-1"
2013-03-15T00:00:00Z,17.677,39N,"mmol s^-1 m^-1"
2013-03-15T00:00:00Z,-1.249,45N,"mmol s^-1 m^-1"
2013-04-15T00:00:00Z,3.977,33N,"mmol s^-1 m^-1"
2013-04-15T00:00:00Z,41.843,39N,"mmol s^-1 m^-1"
2013-04-15T00:00:00Z,1.51,45N,"mmol s^-1 m^-1"
2013-05-15T00:00:00Z,3.862,33N,"mmol s^-1 m^-1"
2013-05-15T00:00:00Z,22.949,39N,"mmol s^-1 m^-1"
2013-05-15T00:00:00Z,1.952,45N,"mmol s^-1 m^-1"
2013-06-15T00:00:00Z,2.351,33N,"mmol s^-1 m^-1"
2013-06-15T00:00:00Z,26.28,39N,"mmol s^-1 m^-1"
2013-06-15T00:00:00Z,1.265,45N,"mmol s^-1 m^-1"
2013-07-15T00:00:00Z,0.223,33N,"mmol s^-1 m^-1"
2013-07-15T00:00:00Z,22.459,39N,"mmol s^-1 m^-1"
2013-07-15T00:00:00Z,3.721,45N,"mmol s^-1 m^-1"
2013-08-15T00:00:00Z,0.33,33N,"mmol s^-1 m^-1"
2013-08-15T00:00:00Z,8.687,39N,"mmol s^-1 m^-1"
2013-08-15T00:00:00Z,1.599,45N,"mmol s^-1 m^-1"
2013-09-15T00:00:00Z,0.241,33N,"mmol s^-1 m^-1"
2013-09-15T00:00:00Z,4.653,39N,"mmol s^-1 m^-1"
2013-09-15T00:00:00Z,0.287,45N,"mmol s^-1 m^-1"
2013-10-15T00:00:00Z,0.015,33N,"mmol s^-1 m^-1"
2013-10-15T00:00:00Z,10.806,39N,"mmol s^-1 m^-1"
2013-10-15T00:00:00Z,0.287,45N,"mmol s^-1 m^-1"
2013-11-15T00:00:00Z,0.026,33N,"mmol s^-1 m^-1"
2013-11-15T00:00:00Z,5.993,39N,"mmol s^-1 m^-1"
2013-11-15T00:00:00Z,-0.212,45N,"mmol s^-1 m^-1"
2013-12-15T00:00:00Z,0.262,33N,"mmol s^-1 m^-1"
2013-12-15T00:00:00Z,10.575,39N,"mmol s^-1 m^-1"
2013-12-15T00:00:00Z,-0.233,45N,"mmol s^-1 m^-1"
2014-01-15T00:00:00Z,0.128,33N,"mmol s^-1 m^-1"
2014-01-15T00:00:00Z,0.965,39N,"mmol s^-1 m^-1"
2014-01-15T00:00:00Z,-3.516,45N,"mmol s^-1 m^-1"
2014-02-15T00:00:00Z,0.459,33N,"mmol s^-1 m^-1"
2014-02-15T00:00:00Z,1.423,39N,"mmol s^-1 m^-1"
2014-02-15T00:00:00Z,-5.451,45N,"mmol s^-1 m^-1"
2014-03-15T00:00:00Z,0.402,33N,"mmol s^-1 m^-1"
2014-03-15T00:00:00Z,3.836,39N,"mmol s^-1 m^-1"
2014-03-15T00:00:00Z,-3.749,45N,"mmol s^-1 m^-1"
2014-04-15T00:00:00Z,1.524,33N,"mmol s^-1 m^-1"
2014-04-15T00:00:00Z,10.452,39N,"mmol s^-1 m^-1"
2014-04-15T00:00:00Z,1.109,45N,"mmol s^-1 m^-1"
2014-05-15T00:00:00Z,0.694,33N,"mmol s^-1 m^-1"
2014-05-15T00:00:00Z,22.189,39N,"mmol s^-1 m^-1"
2014-05-15T00:00:00Z,0.306,45N,"mmol s^-1 m^-1"
2014-06-15T00:00:00Z,0.206,33N,"mmol s^-1 m^-1"
2014-06-15T00:00:00Z,34.233,39N,"mmol s^-1 m^-1"
2014-06-15T00:00:00Z,1.656,45N,"mmol s^-1 m^-1"
2014-07-15T00:00:00Z,0.098,33N,"mmol s^-1 m^-1"
2014-07-15T00:00:00Z,7.378,39N,"mmol s^-1 m^-1"
2014-07-15T00:00:00Z,1.181,45N,"mmol s^-1 m^-1"
2014-08-15T00:00:00Z,0.006,33N,"mmol s^-1 m^-1"
2014-08-15T00:00:00Z,11.138,39N,"mmol s^-1 m^-1"
2014-08-15T00:00:00Z,1.375,45N,"mmol s^-1 m^-1"
2014-09-15T00:00:00Z,0.003,33N,"mmol s^-1 m^-1"
2014-09-15T00:00:00Z,3.164,39N,"mmol s^-1 m^-1"
2014-09-15T00:00:00Z,0.265,45N,"mmol s^-1 m^-1"
2014-10-15T00:00:00Z,0.001,33N,"mmol s^-1 m^-1"
2014-10-15T00:00:00Z,0.632,39N,"mmol s^-1 m^-1"
2014-10-15T00:00:00Z,0.013,45N,"mmol s^-1 m^-1"
2014-11-15T00:00:00Z,0.003,33N,"mmol s^-1 m^-1"
2014-11-15T00:00:00Z,0.025,39N,"mmol s^-1 m^-1"
2014-11-15T00:00:00Z,-0.008,45N,"mmol s^-1 m^-1"
2014-12-15T00:00:00Z,0.031,33N,"mmol s^-1 m^-1"
2014-12-15T00:00:00Z,0.356,39N,"mmol s^-1 m^-1"
2014-12-15T00:00:00Z,-0.262,45N,"mmol s^-1 m^-1"
2015-01-15T00:00:00Z,0.014,33N,"mmol s^-1 m^-1"
2015-01-15T00:00:00Z,0.416,39N,"mmol s^-1 m^-1"
2015-01-15T00:00:00Z,-0.297,45N,"mmol s^-1 m^-1"
2015-02-15T00:00:00Z,0.033,33N,"mmol s^-1 m^-1"
2015-02-15T00:00:00Z,1.166,39N,"mmol s^-1 m^-1"
2015-02-15T00:00:00Z,-0.818,45N,"mmol s^-1 m^-1"
2015-03-15T00:00:00Z,0.076,33N,"mmol s^-1 m^-1"
2015-03-15T00:00:00Z,5.11,39N,"mmol s^-1 m^-1"
2015-03-15T00:00:00Z,-0.031,45N,"mmol s^-1 m^-1"
2015-04-15T00:00:00Z,0.607,33N,"mmol s^-1 m^-1"
2015-04-15T00:00:00Z,22.211,39N,"mmol s^-1 m^-1"
2015-04-15T00:00:00Z,0.779,45N,"mmol s^-1 m^-1"
2015-05-15T00:00:00Z,1.462,33N,"mmol s^-1 m^-1"
2015-05-15T00:00:00Z,27.514,39N,"mmol s^-1 m^-1"
2015-05-15T00:00:00Z,2.608,45N,"mmol s^-1 m^-1"
2015-06-15T00:00:00Z,0.836,33N,"mmol s^-1 m^-1"
2015-06-15T00:00:00Z,17.491,39N,"mmol s^-1 m^-1"
2015-06-15T00:00:00Z,5.254,45N,"mmol s^-1 m^-1"
2015-07-15T00:00:00Z,0.158,33N,"mmol s^-1 m^-1"
2015-07-15T00:00:00Z,6.59,39N,"mmol s^-1 m^-1"
2015-07-15T00:00:00Z,1.792,45N,"mmol s^-1 m^-1"
2015-08-15T00:00:00Z,0.094,33N,"mmol s^-1 m^-1"
2015-08-15T00:00:00Z,5.085,39N,"mmol s^-1 m^-1"
2015-08-15T00:00:00Z,1.775,45N,"mmol s^-1 m^-1"
2015-09-15T00:00:00Z,0.01,33N,"mmol s^-1 m^-1"
2015-09-15T00:00:00Z,4.097,39N,"mmol s^-1 m^-1"
2015-09-15T00:00:00Z,0.512,45N,"mmol s^-1 m^-1"
2015-10-15T00:00:00Z,0.002,33N,"mmol s^-1 m^-1"
2015-10-15T00:00:00Z,0.957,39N,"mmol s^-1 m^-1"
2015-10-15T00:00:00Z,-0.166,45N,"mmol s^-1 m^-1"
2015-11-15T00:00:00Z,0.008,33N,"mmol s^-1 m^-1"
2015-11-15T00:00:00Z,1.766,39N,"mmol s^-1 m^-1"
2015-11-15T00:00:00Z,-0.006,45N,"mmol s^-1 m^-1"
2015-12-15T00:00:00Z,0.146,33N,"mmol s^-1 m^-1"
2015-12-15T00:00:00Z,1.275,39N,"mmol s^-1 m^-1"
2015-12-15T00:00:00Z,-1.42,45N,"mmol s^-1 m^-1"
2016-01-15T00:00:00Z,0.221,33N,"mmol s^-1 m^-1"
2016-01-15T00:00:00Z,-5.571,39N,"mmol s^-1 m^-1"
2016-01-15T00:00:00Z,-3.128,45N,"mmol s^-1 m^-1"
2016-02-15T00:00:00Z,0.474,33N,"mmol s^-1 m^-1"
2016-02-15T00:00:00Z,0.759,39N,"mmol s^-1 m^-1"
2016-02-15T00:00:00Z,-1.985,45N,"mmol s^-1 m^-1"
2016-03-15T00:00:00Z,0.358,33N,"mmol s^-1 m^-1"
2016-03-15T00:00:00Z,2.094,39N,"mmol s^-1 m^-1"
2016-03-15T00:00:00Z,-2.329,45N,"mmol s^-1 m^-1"
2016-04-15T00:00:00Z,3.244,33N,"mmol s^-1 m^-1"
2016-04-15T00:00:00Z,13.095,39N,"mmol s^-1 m^-1"
2016-04-15T00:00:00Z,0.405,45N,"mmol s^-1 m^-1"
2016-05-15T00:00:00Z,1.205,33N,"mmol s^-1 m^-1"
2016-05-15T00:00:00Z,19.51,39N,"mmol s^-1 m^-1"
2016-05-15T00:00:00Z,3.664,45N,"mmol s^-1 m^-1"
2016-06-15T00:00:00Z,2.24,33N,"mmol s^-1 m^-1"
2016-06-15T00:00:00Z,19.4,39N,"mmol s^-1 m^-1"
2016-06-15T00:00:00Z,2.859,45N,"mmol s^-1 m^-1"
2016-07-15T00:00:00Z,0.805,33N,"mmol s^-1 m^-1"
2016-07-15T00:00:00Z,20.05,39N,"mmol s^-1 m^-1"
2016-07-15T00:00:00Z,2.387,45N,"mmol s^-1 m^-1"
2016-08-15T00:00:00Z,0.112,33N,"mmol s^-1 m^-1"
2016-08-15T00:00:00Z,8.25,39N,"mmol s^-1 m^-1"
2016-08-15T00:00:00Z,1.611,45N,"mmol s^-1 m^-1"
2016-09-15T00:00:00Z,0.038,33N,"mmol s^-1 m^-1"
2016-09-15T00:00:00Z,10.373,39N,"mmol s^-1 m^-1"
2016-09-15T00:00:00Z,2.015,45N,"mmol s^-1 m^-1"
2016-10-15T00:00:00Z,0.026,33N,"mmol s^-1 m^-1"
2016-10-15T00:00:00Z,1.013,39N,"mmol s^-1 m^-1"
2016-10-15T00:00:00Z,-0.337,45N,"mmol s^-1 m^-1"
2016-11-15T00:00:00Z,0.025,33N,"mmol s^-1 m^-1"
2016-11-15T00:00:00Z,0.007,39N,"mmol s^-1 m^-1"
2016-11-15T00:00:00Z,0.0,45N,"mmol s^-1 m^-1"
2016-12-15T00:00:00Z,0.226,33N,"mmol s^-1 m^-1"
2016-12-15T00:00:00Z,3.118,39N,"mmol s^-1 m^-1"
2016-12-15T00:00:00Z,-0.126,45N,"mmol s^-1 m^-1"
2017-01-15T00:00:00Z,0.248,33N,"mmol s^-1 m^-1"
2017-01-15T00:00:00Z,-0.16,39N,"mmol s^-1 m^-1"
2017-01-15T00:00:00Z,-3.904,45N,"mmol s^-1 m^-1"
2017-02-15T00:00:00Z,0.637,33N,"mmol s^-1 m^-1"
2017-02-15T00:00:00Z,-1.422,39N,"mmol s^-1 m^-1"
2017-02-15T00:00:00Z,-1.018,45N,"mmol s^-1 m^-1"
2017-03-15T00:00:00Z,0.98,33N,"mmol s^-1 m^-1"
2017-03-15T00:00:00Z,3.607,39N,"mmol s^-1 m^-1"
2017-03-15T00:00:00Z,-4.663,45N,"mmol s^-1 m^-1"
2017-04-15T00:00:00Z,2.852,33N,"mmol s^-1 m^-1"
2017-04-15T00:00:00Z,8.559,39N,"mmol s^-1 m^-1"
2017-04-15T00:00:00Z,-2.735,45N,"mmol s^-1 m^-1"
2017-05-15T00:00:00Z,3.138,33N,"mmol s^-1 m^-1"
2017-05-15T00:00:00Z,30.684,39N,"mmol s^-1 m^-1"
2017-05-15T00:00:00Z,3.911,45N,"mmol s^-1 m^-1"
2017-06-15T00:00:00Z,3.415,33N,"mmol s^-1 m^-1"
2017-06-15T00:00:00Z,20.73,39N,"mmol s^-1 m^-1"
2017-06-15T00:00:00Z,3.119,45N,"mmol s^-1 m^-1"
2017-07-15T00:00:00Z,0.476,33N,"mmol s^-1 m^-1"
2017-07-15T00:00:00Z,24.207,39N,"mmol s^-1 m^-1"
2017-07-15T00:00:00Z,1.975,45N,"mmol s^-1 m^-1"
2017-08-15T00:00:00Z,0.308,33N,"mmol s^-1 m^-1"
2017-08-15T00:00:00Z,8.977,39N,"mmol s^-1 m^-1"
2017-08-15T00:00:00Z,3.799,45N,"mmol s^-1 m^-1"
2017-09-15T00:00:00Z,0.112,33N,"mmol s^-1 m^-1"
2017-09-15T00:00:00Z,6.09,39N,"mmol s^-1 m^-1"
2017-09-15T00:00:00Z,1.486,45N,"mmol s^-1 m^-1"
2017-10-15T00:00:00Z,0.01,33N,"mmol s^-1 m^-1"
2017-10-15T00:00:00Z,10.005,39N,"mmol s^-1 m^-1"
2017-10-15T00:00:00Z,0.583,45N,"mmol s^-1 m^-1"
2017-11-15T00:00:00Z,0.027,33N,"mmol s^-1 m^-1"
2017-11-15T00:00:00Z,-0.466,39N,"mmol s^-1 m^-1"
2017-11-15T00:00:00Z,-1.349,45N,"mmol s^-1 m^-1"
2017-12-15T00:00:00Z,0.039,33N,"mmol s^-1 m^-1"
2017-12-15T00:00:00Z,3.236,39N,"mmol s^-1 m^-1"
2017-12-15T00:00:00Z,-0.187,45N,"mmol s^-1 m^-1"
2018-01-15T00:00:00Z,0.21,33N,"mmol s^-1 m^-1"
2018-01-15T00:00:00Z,-0.251,39N,"mmol s^-1 m^-1"
2018-01-15T00:00:00Z,-3.014,45N,"mmol s^-1 m^-1"
2018-02-15T00:00:00Z,0.591,33N,"mmol s^-1 m^-1"
2018-02-15T00:00:00Z,17.288,39N,"mmol s^-1 m^-1"
2018-02-15T00:00:00Z,1.912,45N,"mmol s^-1 m^-1"
2018-03-15T00:00:00Z,1.073,33N,"mmol s^-1 m^-1"
2018-03-15T00:00:00Z,2.576,39N,"mmol s^-1 m^-1"
2018-03-15T00:00:00Z,-0.974,45N,"mmol s^-1 m^-1"
2018-04-15T00:00:00Z,2.623,33N,"mmol s^-1 m^-1"
2018-04-15T00:00:00Z,11.541,39N,"mmol s^-1 m^-1"
2018-04-15T00:00:00Z,-1.471,45N,"mmol s^-1 m^-1"
2018-05-15T00:00:00Z,2.701,33N,"mmol s^-1 m^-1"
2018-05-15T00:00:00Z,29.461,39N,"mmol s^-1 m^-1"
2018-05-15T00:00:00Z,3.672,45N,"mmol s^-1 m^-1"
2018-06-15T00:00:00Z,0.911,33N,"mmol s^-1 m^-1"
2018-06-15T00:00:00Z,33.899,39N,"mmol s^-1 m^-1"
2018-06-15T00:00:00Z,1.119,45N,"mmol s^-1 m^-1"
2018-07-15T00:00:00Z,1.104,33N,"mmol s^-1 m^-1"
2018-07-15T00:00:00Z,17.698,39N,"mmol s^-1 m^-1"
2018-07-15T00:00:00Z,3.394,45N,"mmol s^-1 m^-1"
2018-08-15T00:00:00Z,0.08,33N,"mmol s^-1 m^-1"
2018-08-15T00:00:00Z,15.679,39N,"mmol s^-1 m^-1"
2018-08-15T00:00:00Z,2.248,45N,"mmol s^-1 m^-1"
2018-09-15T00:00:00Z,0.009,33N,"mmol s^-1 m^-1"
2018-09-15T00:00:00Z,13.525,39N,"mmol s^-1 m^-1"
2018-09-15T00:00:00Z,1.2,45N,"mmol s^-1 m^-1"
2018-10-15T00:00:00Z,0.008,33N,"mmol s^-1 m^-1"
2018-10-15T00:00:00Z,4.326,39N,"mmol s^-1 m^-1"
2018-10-15T00:00:00Z,0.348,45N,"mmol s^-1 m^-1"
2018-11-15T00:00:00Z,0.008,33N,"mmol s^-1 m^-1"
2018-11-15T00:00:00Z,5.091,39N,"mmol s^-1 m^-1"
2018-11-15T00:00:00Z,-0.31,45N,"mmol s^-1 m^-1"
2018-12-15T00:00:00Z,0.106,33N,"mmol s^-1 m^-1"
2018-12-15T00:00:00Z,2.228,39N,"mmol s^-1 m^-1"
2018-12-15T00:00:00Z,-2.896,45N,"mmol s^-1 m^-1"
2019-01-15T00:00:00Z,0.137,33N,"mmol s^-1 m^-1"
2019-01-15T00:00:00Z,-4.101,39N,"mmol s^-1 m^-1"
2019-01-15T00:00:00Z,-1.953,45N,"mmol s^-1 m^-1"
2019-02-15T00:00:00Z,0.824,33N,"mmol s^-1 m^-1"
2019-02-15T00:00:00Z,4.299,39N,"mmol s^-1 m^-1"
2019-02-15T00:00:00Z,0.564,45N,"mmol s^-1 m^-1"
2019-03-15T00:00:00Z,1.27,33N,"mmol s^-1 m^-1"
2019-03-15T00:00:00Z,2.753,39N,"mmol s^-1 m^-1"
2019-03-15T00:00:00Z,-0.124,45N,"mmol s^-1 m^-1"
2019-04-15T00:00:00Z,1.091,33N,"mmol s^-1 m^-1"
2019-04-15T00:00:00Z,20.871,39N,"mmol s^-1 m^-1"
2019-04-15T00:00:00Z,0.378,45N,"mmol s^-1 m^-1"
2019-05-15T00:00:00Z,1.223,33N,"mmol s^-1 m^-1"
2019-05-15T00:00:00Z,17.315,39N,"mmol s^-1 m^-1"
2019-05-15T00:00:00Z,2.811,45N,"mmol s^-1 m^-1"
2019-06-15T00:00:00Z,0.549,33N,"mmol s^-1 m^-1"
2019-06-15T00:00:00Z,39.943,39N,"mmol s^-1 m^-1"
2019-06-15T00:00:00Z,5.887,45N,"mmol s^-1 m^-1"
2019-07-15T00:00:00Z,0.874,33N,"mmol s^-1 m^-1"
2019-07-15T00:00:00Z,27.213,39N,"mmol s^-1 m^-1"
2019-07-15T00:00:00Z,1.81,45N,"mmol s^-1 m^-1"
2019-08-15T00:00:00Z,0.271,33N,"mmol s^-1 m^-1"
2019-08-15T00:00:00Z,11.442,39N,"mmol s^-1 m^-1"
2019-08-15T00:00:00Z,1.34,45N,"mmol s^-1 m^-1"
2019-09-15T00:00:00Z,0.199,33N,"mmol s^-1 m^-1"
2019-09-15T00:00:00Z,9.937,39N,"mmol s^-1 m^-1"
2019-09-15T00:00:00Z,0.233,45N,"mmol s^-1 m^-1"
2019-10-15T00:00:00Z,0.005,33N,"mmol s^-1 m^-1"
2019-10-15T00:00:00Z,6.361,39N,"mmol s^-1 m^-1"
2019-10-15T00:00:00Z,0.289,45N,"mmol s^-1 m^-1"
2019-11-15T00:00:00Z,0.015,33N,"mmol s^-1 m^-1"
2019-11-15T00:00:00Z,6.422,39N,"mmol s^-1 m^-1"
2019-11-15T00:00:00Z,1.233,45N,"mmol s^-1 m^-1"
2019-12-15T00:00:00Z,0.052,33N,"mmol s^-1 m^-1"
2019-12-15T00:00:00Z,-2.968,39N,"mmol s^-1 m^-1"
2019-12-15T00:00:00Z,-3.52,45N,"mmol s^-1 m^-1"
2020-01-15T00:00:00Z,0.276,33N,"mmol s^-1 m^-1"
2020-01-15T00:00:00Z,2.827,39N,"mmol s^-1 m^-1"
2020-01-15T00:00:00Z,-9.548,45N,"mmol s^-1 m^-1"
2020-02-15T00:00:00Z,0.262,33N,"mmol s^-1 m^-1"
2020-02-15T00:00:00Z,22.093,39N,"mmol s^-1 m^-1"
2020-02-15T00:00:00Z,0.719,45N,"mmol s^-1 m^-1"
2020-03-15T00:00:00Z,0.412,33N,"mmol s^-1 m^-1"
2020-03-15T00:00:00Z,11.349,39N,"mmol s^-1 m^-1"
2020-03-15T00:00:00Z,1.31,45N,"mmol s^-1 m^-1"
2020-04-15T00:00:00Z,0.712,33N,"mmol s^-1 m^-1"
2020-04-15T00:00:00Z,15.231,39N,"mmol s^-1 m^-1"
2020-04-15T00:00:00Z,3.272,45N,"mmol s^-1 m^-1"
2020-05-15T00:00:00Z,1.363,33N,"mmol s^-1 m^-1"
2020-05-15T00:00:00Z,16.398,39N,"mmol s^-1 m^-1"
2020-05-15T00:00:00Z,-0.976,45N,"mmol s^-1 m^-1"
2020-06-15T00:00:00Z,0.815,33N,"mmol s^-1 m^-1"
2020-06-15T00:00:00Z,27.05,39N,"mmol s^-1 m^-1"
2020-06-15T00:00:00Z,3.171,45N,"mmol s^-1 m^-1"
2020-07-15T00:00:00Z,0.196,33N,"mmol s^-1 m^-1"
2020-07-15T00:00:00Z,21.492,39N,"mmol s^-1 m^-1"
2020-07-15T00:00:00Z,6.159,45N,"mmol s^-1 m^-1"
2020-08-15T00:00:00Z,0.344,33N,"mmol s^-1 m^-1"
2020-08-15T00:00:00Z,16.289,39N,"mmol s^-1 m^-1"
2020-08-15T00:00:00Z,3.848,45N,"mmol s^-1 m^-1"
2020-09-15T00:00:00Z,0.019,33N,"mmol s^-1 m^-1"
2020-09-15T00:00:00Z,4.839,39N,"mmol s^-1 m^-1"
2020-09-15T00:00:00Z,-1.958,45N,"mmol s^-1 m^-1"
2020-10-15T00:00:00Z,0.004,33N,"mmol s^-1 m^-1"
2020-10-15T00:00:00Z,8.4,39N,"mmol s^-1 m^-1"
2020-10-15T00:00:00Z,0.74,45N,"mmol s^-1 m^-1"
2020-11-15T00:00:00Z,0.082,33N,"mmol s^-1 m^-1"
2020-11-15T00:00:00Z,7.688,39N,"mmol s^-1 m^-1"
2020-11-15T00:00:00Z,-0.81,45N,"mmol s^-1 m^-1"
2020-12-15T00:00:00Z,0.282,33N,"mmol s^-1 m^-1"
2020-12-15T00:00:00Z,6.203,39N,"mmol s^-1 m^-1"
2020-12-15T00:00:00Z,-2.891,45N,"mmol s^-1 m^-1"
2021-01-15T00:00:00Z,0.73,33N,"mmol s^-1 m^-1"
2021-01-15T00:00:00Z,3.997,39N,"mmol s^-1 m^-1"
2021-01-15T00:00:00Z,-4.732,45N,"mmol s^-1 m^-1"
2021-02-15T00:00:00Z,1.859,33N,"mmol s^-1 m^-1"
2021-02-15T00:00:00Z,22.337,39N,"mmol s^-1 m^-1"
2021-02-15T00:00:00Z,-0.721,45N,"mmol s^-1 m^-1"
2021-03-15T00:00:00Z,2.34,33N,"mmol s^-1 m^-1"
2021-03-15T00:00:00Z,21.203,39N,"mmol s^-1 m^-1"
2021-03-15T00:00:00Z,-1.81,45N,"mmol s^-1 m^-1"
2021-04-15T00:00:00Z,1.615,33N,"mmol s^-1 m^-1"
2021-04-15T00:00:00Z,37.21,39N,"mmol s^-1 m^-1"
2021-04-15T00:00:00Z,5.576,45N,"mmol s^-1 m^-1"
2021-05-15T00:00:00Z,1.961,33N,"mmol s^-1 m^-1"
2021-05-15T00:00:00Z,57.187,39N,"mmol s^-1 m^-1"
2021-05-15T00:00:00Z,7.698,45N,"mmol s^-1 m^-1"
2021-06-15T00:00:00Z,1.155,33N,"mmol s^-1 m^-1"
2021-06-15T00:00:00Z,25.68,39N,"mmol s^-1 m^-1"
2021-06-15T00:00:00Z,2.068,45N,"mmol s^-1 m^-1"
2021-07-15T00:00:00Z,0.844,33N,"mmol s^-1 m^-1"
2021-07-15T00:00:00Z,38.577,39N,"mmol s^-1 m^-1"
2021-07-15T00:00:00Z,6.991,45N,"mmol s^-1 m^-1"
2021-08-15T00:00:00Z,0.185,33N,"mmol s^-1 m^-1"
2021-08-15T00:00:00Z,20.228,39N,"mmol s^-1 m^-1"
2021-08-15T00:00:00Z,4.153,45N,"mmol s^-1 m^-1"
2021-09-15T00:00:00Z,0.07,33N,"mmol s^-1 m^-1"
2021-09-15T00:00:00Z,9.382,39N,"mmol s^-1 m^-1"
2021-09-15T00:00:00Z,1.514,45N,"mmol s^-1 m^-1"
2021-10-15T00:00:00Z,0.053,33N,"mmol s^-1 m^-1"
2021-10-15T00:00:00Z,6.241,39N,"mmol s^-1 m^-1"
2021-10-15T00:00:00Z,-0.151,45N,"mmol s^-1 m^-1"
2021-11-15T00:00:00Z,0.061,33N,"mmol s^-1 m^-1"
2021-11-15T00:00:00Z,0.921,39N,"mmol s^-1 m^-1"
2021-11-15T00:00:00Z,-0.25,45N,"mmol s^-1 m^-1"
2021-12-15T00:00:00Z,0.198,33N,"mmol s^-1 m^-1"
2021-12-15T00:00:00Z,-1.476,39N,"mmol s^-1 m^-1"
2021-12-15T00:00:00Z,-0.54,45N,"mmol s^-1 m^-1"
2022-01-15T00:00:00Z,0.161,33N,"mmol s^-1 m^-1"
2022-01-15T00:00:00Z,-0.337,39N,"mmol s^-1 m^-1"
2022-01-15T00:00:00Z,-2.938,45N,"mmol s^-1 m^-1"
2022-02-15T00:00:00Z,0.534,33N,"mmol s^-1 m^-1"
2022-02-15T00:00:00Z,14.33,39N,"mmol s^-1 m^-1"
2022-02-15T00:00:00Z,0.927,45N,"mmol s^-1 m^-1"
2022-03-15T00:00:00Z,1.402,33N,"mmol s^-1 m^-1"
2022-03-15T00:00:00Z,14.988,39N,"mmol s^-1 m^-1"
2022-03-15T00:00:00Z,-1.364,45N,"mmol s^-1 m^-1"
2022-04-15T00:00:00Z,4.068,33N,"mmol s^-1 m^-1"
2022-04-15T00:00:00Z,30.138,39N,"mmol s^-1 m^-1"
2022-04-15T00:00:00Z,-1.56,45N,"mmol s^-1 m^-1"
2022-05-15T00:00:00Z,5.528,33N,"mmol s^-1 m^-1"
2022-05-15T00:00:00Z,32.755,39N,"mmol s^-1 m^-1"
2022-05-15T00:00:00Z,0.277,45N,"mmol s^-1 m^-1"
2022-06-15T00:00:00Z,3.098,33N,"mmol s^-1 m^-1"
2022-06-15T00:00:00Z,19.116,39N,"mmol s^-1 m^-1"
2022-06-15T00:00:00Z,1.538,45N,"mmol s^-1 m^-1"
2022-07-15T00:00:00Z,0.852,33N,"mmol s^-1 m^-1"
2022-07-15T00:00:00Z,17.777,39N,"mmol s^-1 m^-1"
2022-07-15T00:00:00Z,4.773,45N,"mmol s^-1 m^-1"
2022-08-15T00:00:00Z,0.477,33N,"mmol s^-1 m^-1"
2022-08-15T00:00:00Z,11.966,39N,"mmol s^-1 m^-1"
2022-08-15T00:00:00Z,2.381,45N,"mmol s^-1 m^-1"
2022-09-15T00:00:00Z,0.207,33N,"mmol s^-1 m^-1"
2022-09-15T00:00:00Z,7.028,39N,"mmol s^-1 m^-1"
2022-09-15T00:00:00Z,1.332,45N,"mmol s^-1 m^-1"
2022-10-15T00:00:00Z,0.013,33N,"mmol s^-1 m^-1"
2022-10-15T00:00:00Z,8.392,39N,"mmol s^-1 m^-1"
2022-10-15T00:00:00Z,3.386,45N,"mmol s^-1 m^-1"
2022-11-15T00:00:00Z,0.067,33N,"mmol s^-1 m^-1"
2022-11-15T00:00:00Z,2.981,39N,"mmol s^-1 m^-1"
2022-11-15T00:00:00Z,-0.196,45N,"mmol s^-1 m^-1"
2022-12-15T00:00:00Z,0.225,33N,"mmol s^-1 m^-1"
2022-12-15T00:00:00Z,-1.669,39N,"mmol s^-1 m^-1"
2022-12-15T00:00:00Z,-6.008,45N,"mmol s^-1 m^-1"
2023-01-15T00:00:00Z,0.304,33N,"mmol s^-1 m^-1"
2023-01-15T00:00:00Z,-1.775,39N,"mmol s^-1 m^-1"
2023-01-15T00:00:00Z,-4.794,45N,"mmol s^-1 m^-1"
2023-02-15T00:00:00Z,1.069,33N,"mmol s^-1 m^-1"
2023-02-15T00:00:00Z,13.257,39N,"mmol s^-1 m^-1"
2023-02-15T00:00:00Z,0.955,45N,"mmol s^-1 m^-1"
2023-03-15T00:00:00Z,2.475,33N,"mmol s^-1 m^-1"
2023-03-15T00:00:00Z,4.83,39N,"mmol s^-1 m^-1"
2023-03-15T00:00:00Z,-0.94,45N,"mmol s^-1 m^-1"
2023-04-15T00:00:00Z,6.195,33N,"mmol s^-1 m^-1"
2023-04-15T00:00:00Z,18.912,39N,"mmol s^-1 m^-1"
2023-04-15T00:00:00Z,-3.595,45N,"mmol s^-1 m^-1"
2023-05-15T00:00:00Z,2.188,33N,"mmol s^-1 m^-1"
2023-05-15T00:00:00Z,23.983,39N,"mmol s^-1 m^-1"
2023-05-15T00:00:00Z,4.705,45N,"mmol s^-1 m^-1"
2023-06-15T00:00:00Z,1.296,33N,"mmol s^-1 m^-1"
2023-06-15T00:00:00Z,25.376,39N,"mmol s^-1 m^-1"
2023-06-15T00:00:00Z,5.414,45N,"mmol s^-1 m^-1"
2023-07-15T00:00:00Z,0.862,33N,"mmol s^-1 m^-1"
2023-07-15T00:00:00Z,26.854,39N,"mmol s^-1 m^-1"
2023-07-15T00:00:00Z,3.385,45N,"mmol s^-1 m^-1"
2023-08-15T00:00:00Z,0.768,33N,"mmol s^-1 m^-1"
2023-08-15T00:00:00Z,14.553,39N,"mmol s^-1 m^-1"
2023-08-15T00:00:00Z,3.7,45N,"mmol s^-1 m^-1"
2023-09-15T00:00:00Z,0.032,33N,"mmol s^-1 m^-1"
2023-09-15T00:00:00Z,8.066,39N,"mmol s^-1 m^-1"
2023-09-15T00:00:00Z,0.711,45N,"mmol s^-1 m^-1"
2023-10-15T00:00:00Z,0.047,33N,"mmol s^-1 m^-1"
2023-10-15T00:00:00Z,3.842,39N,"mmol s^-1 m^-1"
2023-10-15T00:00:00Z,0.032,45N,"mmol s^-1 m^-1"
2023-11-15T00:00:00Z,0.016,33N,"mmol s^-1 m^-1"
2023-11-15T00:00:00Z,-0.005,39N,"mmol s^-1 m^-1"
2023-11-15T00:00:00Z,-0.005,45N,"mmol s^-1 m^-1"
2023-12-15T00:00:00Z,0.009,33N,"mmol s^-1 m^-1"
2023-12-15T00:00:00Z,-1.088,39N,"mmol s^-1 m^-1"
2023-12-15T00:00:00Z,-0.973,45N,"mmol s^-1 m^-1"