time,PDO
UTC,Normalized
1950-01-01T00:00:00Z,-1.78
1950-02-01T00:00:00Z,-2.2
1950-03-01T00:00:00Z,-1.75
1950-04-01T00:00:00Z,-1.73
1950-05-01T00:00:00Z,-2.83
1950-06-01T00:00:00Z,-2.01
1950-07-01T00:00:00Z,-3.15
1950-08-01T00:00:00Z,-2.28
1950-09-01T00:00:00Z,-2.0
1950-10-01T00:00:00Z,-1.7
1950-11-01T00:00:00Z,-1.38
1950-12-01T00:00:00Z,-1.12
1951-01-01T00:00:00Z,-1.11
1951-02-01T00:00:00Z,-1.48
1951-03-01T00:00:00Z,-1.51
1951-04-01T00:00:00Z,-1.05
1951-05-01T00:00:00Z,-0.91
1951-06-01T00:00:00Z,-1.38
1951-07-01T00:00:00Z,-0.06
1951-08-01T00:00:00Z,-1.49
1951-09-01T00:00:00Z,-0.48
1951-10-01T00:00:00Z,-0.14
1951-11-01T00:00:00Z,-0.39
1951-12-01T00:00:00Z,-1.55
1952-01-01T00:00:00Z,-2.18
1952-02-01T00:00:00Z,-1.13
1952-03-01T00:00:00Z,-1.5
1952-04-01T00:00:00Z,-1.51
1952-05-01T00:00:00Z,-1.55
1952-06-01T00:00:00Z,-1.69
1952-07-01T00:00:00Z,-1.6
1952-08-01T00:00:00Z,-1.07
1952-09-01T00:00:00Z,-0.86
1952-10-01T00:00:00Z,-0.56
1952-11-01T00:00:00Z,-0.29
1952-12-01T00:00:00Z,-0.72
1953-01-01T00:00:00Z,-0.1
1953-02-01T00:00:00Z,-0.21
1953-03-01T00:00:00Z,-0.89
1953-04-01T00:00:00Z,-0.52
1953-05-01T00:00:00Z,-0.1
1953-06-01T00:00:00Z,-0.14
1953-07-01T00:00:00Z,0.23
1953-08-01T00:00:00Z,-0.74
1953-09-01T00:00:00Z,-0.84
1953-10-01T00:00:00Z,-1.06
1953-11-01T00:00:00Z,-0.31
1953-12-01T00:00:00Z,-0.09
1954-01-01T00:00:00Z,-1.03
1954-02-01T00:00:00Z,-0.74
1954-03-01T00:00:00Z,-0.8
1954-04-01T00:00:00Z,-1.05
1954-05-01T00:00:00Z,-0.54
1954-06-01T00:00:00Z,0.47
1954-07-01T00:00:00Z,-0.04
1954-08-01T00:00:00Z,-0.19
1954-09-01T00:00:00Z,-0.98
1954-10-01T00:00:00Z,0.04
1954-11-01T00:00:00Z,0.7
1954-12-01T00:00:00Z,0.23
1955-01-01T00:00:00Z,-0.19
1955-02-01T00:00:00Z,-0.9
1955-03-01T00:00:00Z,-1.1
1955-04-01T00:00:00Z,-1.99
1955-05-01T00:00:00Z,-1.54
1955-06-01T00:00:00Z,-2.0
1955-07-01T00:00:00Z,-2.52
1955-08-01T00:00:00Z,-2.43
1955-09-01T00:00:00Z,-2.25
1955-10-01T00:00:00Z,-3.14
1955-11-01T00:00:00Z,-2.45
1955-12-01T00:00:00Z,-2.18
1956-01-01T00:00:00Z,-2.11
1956-02-01T00:00:00Z,-2.1
1956-03-01T00:00:00Z,-2.64
1956-04-01T00:00:00Z,-2.36
1956-05-01T00:00:00Z,-1.54
1956-06-01T00:00:00Z,-2.17
1956-07-01T00:00:00Z,-1.58
1956-08-01T00:00:00Z,-0.94
1956-09-01T00:00:00Z,-0.28
1956-10-01T00:00:00Z,-1.62
1956-11-01T00:00:00Z,-2.21
1956-12-01T00:00:00Z,-1.34
1957-01-01T00:00:00Z,-1.42
1957-02-01T00:00:00Z,-1.52
1957-03-01T00:00:00Z,-0.72
1957-04-01T00:00:00Z,-0.56
1957-05-01T00:00:00Z,0.14
1957-06-01T00:00:00Z,1.25
1957-07-01T00:00:00Z,0.49
1957-08-01T00:00:00Z,0.38
1957-09-01T00:00:00Z,1.81
1957-10-01T00:00:00Z,1.43
1957-11-01T00:00:00Z,1.2
1957-12-01T00:00:00Z,0.24
1958-01-01T00:00:00Z,0.76
1958-02-01T00:00:00Z,1.09
1958-03-01T00:00:00Z,0.84
1958-04-01T00:00:00Z,0.84
1958-05-01T00:00:00Z,1.51
1958-06-01T00:00:00Z,1.48
1958-07-01T00:00:00Z,0.53
1958-08-01T00:00:00Z,1.17
1958-09-01T00:00:00Z,1.02
1958-10-01T00:00:00Z,0.43
1958-11-01T00:00:00Z,0.43
1958-12-01T00:00:00Z,1.18
1959-01-01T00:00:00Z,1.09
1959-02-01T00:00:00Z,0.55
1959-03-01T00:00:00Z,0.11
1959-04-01T00:00:00Z,0.03
1959-05-01T00:00:00Z,0.16
1959-06-01T00:00:00Z,0.2
1959-07-01T00:00:00Z,-0.24
1959-08-01T00:00:00Z,-0.19
1959-09-01T00:00:00Z,-0.38
1959-10-01T00:00:00Z,0.89
1959-11-01T00:00:00Z,1.14
1959-12-01T00:00:00Z,0.91
1960-01-01T00:00:00Z,0.32
1960-02-01T00:00:00Z,0.72
1960-03-01T00:00:00Z,0.51
1960-04-01T00:00:00Z,0.53
1960-05-01T00:00:00Z,0.75
1960-06-01T00:00:00Z,1.03
1960-07-01T00:00:00Z,-0.29
1960-08-01T00:00:00Z,0.03
1960-09-01T00:00:00Z,-0.68
1960-10-01T00:00:00Z,-0.17
1960-11-01T00:00:00Z,-0.01
1960-12-01T00:00:00Z,0.16
1961-01-01T00:00:00Z,1.02
1961-02-01T00:00:00Z,1.15
1961-03-01T00:00:00Z,1.01
1961-04-01T00:00:00Z,0.62
1961-05-01T00:00:00Z,-0.2
1961-06-01T00:00:00Z,-0.58
1961-07-01T00:00:00Z,-0.87
1961-08-01T00:00:00Z,-0.63
1961-09-01T00:00:00Z,-1.06
1961-10-01T00:00:00Z,-1.72
1961-11-01T00:00:00Z,-1.25
1961-12-01T00:00:00Z,-1.75
1962-01-01T00:00:00Z,-1.12
1962-02-01T00:00:00Z,-0.91
1962-03-01T00:00:00Z,-0.94
1962-04-01T00:00:00Z,-0.85
1962-05-01T00:00:00Z,-1.11
1962-06-01T00:00:00Z,-1.86
1962-07-01T00:00:00Z,-1.91
1962-08-01T00:00:00Z,-0.71
1962-09-01T00:00:00Z,-1.43
1962-10-01T00:00:00Z,-1.53
1962-11-01T00:00:00Z,-0.32
1962-12-01T00:00:00Z,-0.32
1963-01-01T00:00:00Z,-0.09
1963-02-01T00:00:00Z,-0.01
1963-03-01T00:00:00Z,-0.28
1963-04-01T00:00:00Z,-0.21
1963-05-01T00:00:00Z,-1.07
1963-06-01T00:00:00Z,-0.75
1963-07-01T00:00:00Z,-1.21
1963-08-01T00:00:00Z,-0.97
1963-09-01T00:00:00Z,1.03
1963-10-01T00:00:00Z,0.29
1963-11-01T00:00:00Z,-0.3
1963-12-01T00:00:00Z,0.4
1964-01-01T00:00:00Z,0.31
1964-02-01T00:00:00Z,0.21
1964-03-01T00:00:00Z,-0.53
1964-04-01T00:00:00Z,-1.04
1964-05-01T00:00:00Z,-2.08
1964-06-01T00:00:00Z,-0.86
1964-07-01T00:00:00Z,-0.95
1964-08-01T00:00:00Z,-1.42
1964-09-01T00:00:00Z,-1.12
1964-10-01T00:00:00Z,-0.58
1964-11-01T00:00:00Z,-0.68
1964-12-01T00:00:00Z,-0.81
1965-01-01T00:00:00Z,-1.07
1965-02-01T00:00:00Z,-0.55
1965-03-01T00:00:00Z,-0.15
1965-04-01T00:00:00Z,-0.01
1965-05-01T00:00:00Z,-0.48
1965-06-01T00:00:00Z,-0.71
1965-07-01T00:00:00Z,-0.65
1965-08-01T00:00:00Z,0.64
1965-09-01T00:00:00Z,0.94
1965-10-01T00:00:00Z,0.51
1965-11-01T00:00:00Z,0.46
1965-12-01T00:00:00Z,0.21
1966-01-01T00:00:00Z,-0.58
1966-02-01T00:00:00Z,-0.21
1966-03-01T00:00:00Z,-0.65
1966-04-01T00:00:00Z,-0.15
1966-05-01T00:00:00Z,-0.54
1966-06-01T00:00:00Z,-0.02
1966-07-01T00:00:00Z,0.1
1966-08-01T00:00:00Z,-0.03
1966-09-01T00:00:00Z,-0.07
1966-10-01T00:00:00Z,-0.36
1966-11-01T00:00:00Z,-0.62
1966-12-01T00:00:00Z,-0.24
1967-01-01T00:00:00Z,-0.28
1967-02-01T00:00:00Z,-0.19
1967-03-01T00:00:00Z,-0.64
1967-04-01T00:00:00Z,-0.94
1967-05-01T00:00:00Z,-1.54
1967-06-01T00:00:00Z,-1.52
1967-07-01T00:00:00Z,-1.39
1967-08-01T00:00:00Z,-1.66
1967-09-01T00:00:00Z,-0.68
1967-10-01T00:00:00Z,-0.09
1967-11-01T00:00:00Z,0.06
1967-12-01T00:00:00Z,-0.9
1968-01-01T00:00:00Z,-0.85
1968-02-01T00:00:00Z,-0.32
1968-03-01T00:00:00Z,-0.0
1968-04-01T00:00:00Z,-0.61
1968-05-01T00:00:00Z,-0.7
1968-06-01T00:00:00Z,-0.07
1968-07-01T00:00:00Z,0.48
1968-08-01T00:00:00Z,0.14
1968-09-01T00:00:00Z,0.33
1968-10-01T00:00:00Z,0.08
1968-11-01T00:00:00Z,0.27
1968-12-01T00:00:00Z,0.04
1969-01-01T00:00:00Z,-0.34
1969-02-01T00:00:00Z,-0.65
1969-03-01T00:00:00Z,-0.51
1969-04-01T00:00:00Z,-0.41
1969-05-01T00:00:00Z,-0.38
1969-06-01T00:00:00Z,1.03
1969-07-01T00:00:00Z,-0.2
1969-08-01T00:00:00Z,-0.57
1969-09-01T00:00:00Z,-0.68
1969-10-01T00:00:00Z,1.27
1969-11-01T00:00:00Z,0.85
1969-12-01T00:00:00Z,1.27
1970-01-01T00:00:00Z,1.31
1970-02-01T00:00:00Z,1.28
1970-03-01T00:00:00Z,1.48
1970-04-01T00:00:00Z,0.6
1970-05-01T00:00:00Z,-0.58
1970-06-01T00:00:00Z,-0.09
1970-07-01T00:00:00Z,-0.66
1970-08-01T00:00:00Z,-1.39
1970-09-01T00:00:00Z,-1.39
1970-10-01T00:00:00Z,-1.08
1970-11-01T00:00:00Z,-0.84
1970-12-01T00:00:00Z,-1.01
1971-01-01T00:00:00Z,-1.26
1971-02-01T00:00:00Z,-1.38
1971-03-01T00:00:00Z,-1.31
1971-04-01T00:00:00Z,-1.37
1971-05-01T00:00:00Z,-1.32
1971-06-01T00:00:00Z,-1.57
1971-07-01T00:00:00Z,-2.09
1971-08-01T00:00:00Z,-0.17
1971-09-01T00:00:00Z,0.18
1971-10-01T00:00:00Z,-0.04
1971-11-01T00:00:00Z,-1.14
1971-12-01T00:00:00Z,-1.82
1972-01-01T00:00:00Z,-1.88
1972-02-01T00:00:00Z,-1.59
1972-03-01T00:00:00Z,-1.23
1972-04-01T00:00:00Z,-1.33
1972-05-01T00:00:00Z,-1.81
1972-06-01T00:00:00Z,-1.64
1972-07-01T00:00:00Z,-1.21
1972-08-01T00:00:00Z,0.21
1972-09-01T00:00:00Z,0.26
1972-10-01T00:00:00Z,0.23
1972-11-01T00:00:00Z,0.26
1972-12-01T00:00:00Z,-0.09
1973-01-01T00:00:00Z,0.18
1973-02-01T00:00:00Z,-0.07
1973-03-01T00:00:00Z,-0.32
1973-04-01T00:00:00Z,-0.74
1973-05-01T00:00:00Z,-0.94
1973-06-01T00:00:00Z,-0.98
1973-07-01T00:00:00Z,-0.71
1973-08-01T00:00:00Z,-0.77
1973-09-01T00:00:00Z,-0.36
1973-10-01T00:00:00Z,-0.8
1973-11-01T00:00:00Z,-1.13
1973-12-01T00:00:00Z,-0.91
1974-01-01T00:00:00Z,-0.87
1974-02-01T00:00:00Z,-1.31
1974-03-01T00:00:00Z,-1.06
1974-04-01T00:00:00Z,-0.5
1974-05-01T00:00:00Z,-0.52
1974-06-01T00:00:00Z,-0.42
1974-07-01T00:00:00Z,0.12
1974-08-01T00:00:00Z,0.07
1974-09-01T00:00:00Z,0.66
1974-10-01T00:00:00Z,0.15
1974-11-01T00:00:00Z,0.57
1974-12-01T00:00:00Z,0.18
1975-01-01T00:00:00Z,-0.54
1975-02-01T00:00:00Z,-0.68
1975-03-01T00:00:00Z,-0.74
1975-04-01T00:00:00Z,-1.43
1975-05-01T00:00:00Z,-1.66
1975-06-01T00:00:00Z,-1.35
1975-07-01T00:00:00Z,-0.58
1975-08-01T00:00:00Z,-0.95
1975-09-01T00:00:00Z,-1.16
1975-10-01T00:00:00Z,-1.34
1975-11-01T00:00:00Z,-1.49
1975-12-01T00:00:00Z,-1.53
1976-01-01T00:00:00Z,-1.11
1976-02-01T00:00:00Z,-0.91
1976-03-01T00:00:00Z,-1.02
1976-04-01T00:00:00Z,-0.96
1976-05-01T00:00:00Z,-0.73
1976-06-01T00:00:00Z,-1.01
1976-07-01T00:00:00Z,0.59
1976-08-01T00:00:00Z,1.43
1976-09-01T00:00:00Z,0.99
1976-10-01T00:00:00Z,1.48
1976-11-01T00:00:00Z,1.55
1976-12-01T00:00:00Z,1.32
1977-01-01T00:00:00Z,1.42
1977-02-01T00:00:00Z,1.72
1977-03-01T00:00:00Z,1.01
1977-04-01T00:00:00Z,0.3
1977-05-01T00:00:00Z,0.06
1977-06-01T00:00:00Z,0.28
1977-07-01T00:00:00Z,0.34
1977-08-01T00:00:00Z,0.35
1977-09-01T00:00:00Z,-0.32
1977-10-01T00:00:00Z,-0.48
1977-11-01T00:00:00Z,0.06
1977-12-01T00:00:00Z,0.16
1978-01-01T00:00:00Z,0.77
1978-02-01T00:00:00Z,1.06
1978-03-01T00:00:00Z,1.51
1978-04-01T00:00:00Z,1.29
1978-05-01T00:00:00Z,1.05
1978-06-01T00:00:00Z,0.54
1978-07-01T00:00:00Z,-1.21
1978-08-01T00:00:00Z,-0.45
1978-09-01T00:00:00Z,-0.47
1978-10-01T00:00:00Z,0.19
1978-11-01T00:00:00Z,0.09
1978-12-01T00:00:00Z,-0.48
1979-01-01T00:00:00Z,-0.17
1979-02-01T00:00:00Z,-0.88
1979-03-01T00:00:00Z,-0.22
1979-04-01T00:00:00Z,0.23
1979-05-01T00:00:00Z,0.87
1979-06-01T00:00:00Z,0.4
1979-07-01T00:00:00Z,0.53
1979-08-01T00:00:00Z,0.37
1979-09-01T00:00:00Z,1.08
1979-10-01T00:00:00Z,1.45
1979-11-01T00:00:00Z,0.8
1979-12-01T00:00:00Z,0.39
1980-01-01T00:00:00Z,0.45
1980-02-01T00:00:00Z,1.06
1980-03-01T00:00:00Z,1.16
1980-04-01T00:00:00Z,1.4
1980-05-01T00:00:00Z,1.39
1980-06-01T00:00:00Z,-0.27
1980-07-01T00:00:00Z,0.22
1980-08-01T00:00:00Z,0.28
1980-09-01T00:00:00Z,0.15
1980-10-01T00:00:00Z,1.44
1980-11-01T00:00:00Z,1.03
1980-12-01T00:00:00Z,0.6
1981-01-01T00:00:00Z,1.29
1981-02-01T00:00:00Z,1.43
1981-03-01T00:00:00Z,1.62
1981-04-01T00:00:00Z,1.46
1981-05-01T00:00:00Z,1.58
1981-06-01T00:00:00Z,1.88
1981-07-01T00:00:00Z,1.14
1981-08-01T00:00:00Z,0.36
1981-09-01T00:00:00Z,0.74
1981-10-01T00:00:00Z,0.02
1981-11-01T00:00:00Z,0.64
1981-12-01T00:00:00Z,0.87
1982-01-01T00:00:00Z,0.31
1982-02-01T00:00:00Z,0.02
1982-03-01T00:00:00Z,0.09
1982-04-01T00:00:00Z,-0.19
1982-05-01T00:00:00Z,-0.6
1982-06-01T00:00:00Z,-0.61
1982-07-01T00:00:00Z,0.67
1982-08-01T00:00:00Z,0.62
1982-09-01T00:00:00Z,1.06
1982-10-01T00:00:00Z,0.6
1982-11-01T00:00:00Z,-0.19
1982-12-01T00:00:00Z,0.42
1983-01-01T00:00:00Z,0.75
1983-02-01T00:00:00Z,1.48
1983-03-01T00:00:00Z,2.24
1983-04-01T00:00:00Z,1.92
1983-05-01T00:00:00Z,1.61
1983-06-01T00:00:00Z,2.23
1983-07-01T00:00:00Z,2.88
1983-08-01T00:00:00Z,1.77
1983-09-01T00:00:00Z,0.9
1983-10-01T00:00:00Z,0.97
1983-11-01T00:00:00Z,1.35
1983-12-01T00:00:00Z,1.71
1984-01-01T00:00:00Z,1.42
1984-02-01T00:00:00Z,1.36
1984-03-01T00:00:00Z,1.76
1984-04-01T00:00:00Z,1.32
1984-05-01T00:00:00Z,1.19
1984-06-01T00:00:00Z,-0.01
1984-07-01T00:00:00Z,0.13
1984-08-01T00:00:00Z,0.58
1984-09-01T00:00:00Z,0.6
1984-10-01T00:00:00Z,0.67
1984-11-01T00:00:00Z,0.61
1984-12-01T00:00:00Z,0.51
1985-01-01T00:00:00Z,0.87
1985-02-01T00:00:00Z,0.61
1985-03-01T00:00:00Z,0.05
1985-04-01T00:00:00Z,-0.07
1985-05-01T00:00:00Z,-0.21
1985-06-01T00:00:00Z,0.41
1985-07-01T00:00:00Z,0.92
1985-08-01T00:00:00Z,0.75
1985-09-01T00:00:00Z,0.58
1985-10-01T00:00:00Z,0.43
1985-11-01T00:00:00Z,-0.63
1985-12-01T00:00:00Z,0.29
1986-01-01T00:00:00Z,1.06
1986-02-01T00:00:00Z,1.65
1986-03-01T00:00:00Z,1.89
1986-04-01T00:00:00Z,1.4
1986-05-01T00:00:00Z,1.06
1986-06-01T00:00:00Z,0.88
1986-07-01T00:00:00Z,1.51
1986-08-01T00:00:00Z,0.35
1986-09-01T00:00:00Z,0.41
1986-10-01T00:00:00Z,1.14
1986-11-01T00:00:00Z,1.64
1986-12-01T00:00:00Z,1.64
1987-01-01T00:00:00Z,1.67
1987-02-01T00:00:00Z,1.92
1987-03-01T00:00:00Z,1.89
1987-04-01T00:00:00Z,2.01
1987-05-01T00:00:00Z,1.64
1987-06-01T00:00:00Z,0.84
1987-07-01T00:00:00Z,2.36
1987-08-01T00:00:00Z,2.63
1987-09-01T00:00:00Z,2.32
1987-10-01T00:00:00Z,1.45
1987-11-01T00:00:00Z,1.42
1987-12-01T00:00:00Z,1.38
1988-01-01T00:00:00Z,0.86
1988-02-01T00:00:00Z,1.13
1988-03-01T00:00:00Z,1.22
1988-04-01T00:00:00Z,1.02
1988-05-01T00:00:00Z,1.0
1988-06-01T00:00:00Z,0.79
1988-07-01T00:00:00Z,0.53
1988-08-01T00:00:00Z,-0.11
1988-09-01T00:00:00Z,-0.18
1988-10-01T00:00:00Z,0.04
1988-11-01T00:00:00Z,0.08
1988-12-01T00:00:00Z,-0.06
1989-01-01T00:00:00Z,-0.96
1989-02-01T00:00:00Z,-1.13
1989-03-01T00:00:00Z,-0.79
1989-04-01T00:00:00Z,0.04
1989-05-01T00:00:00Z,0.1
1989-06-01T00:00:00Z,0.18
1989-07-01T00:00:00Z,0.81
1989-08-01T00:00:00Z,-0.08
1989-09-01T00:00:00Z,-0.32
1989-10-01T00:00:00Z,-0.42
1989-11-01T00:00:00Z,-0.73
1989-12-01T00:00:00Z,-0.06
1990-01-01T00:00:00Z,-0.32
1990-02-01T00:00:00Z,-0.71
1990-03-01T00:00:00Z,-0.54
1990-04-01T00:00:00Z,0.36
1990-05-01T00:00:00Z,0.13
1990-06-01T00:00:00Z,0.01
1990-07-01T00:00:00Z,0.11
1990-08-01T00:00:00Z,0.1
1990-09-01T00:00:00Z,0.14
1990-10-01T00:00:00Z,-0.68
1990-11-01T00:00:00Z,-1.57
1990-12-01T00:00:00Z,-1.93
1991-01-01T00:00:00Z,-1.57
1991-02-01T00:00:00Z,-0.76
1991-03-01T00:00:00Z,-0.63
1991-04-01T00:00:00Z,-1.04
1991-05-01T00:00:00Z,-1.04
1991-06-01T00:00:00Z,-1.87
1991-07-01T00:00:00Z,-1.22
1991-08-01T00:00:00Z,-0.14
1991-09-01T00:00:00Z,0.74
1991-10-01T00:00:00Z,0.46
1991-11-01T00:00:00Z,0.37
1991-12-01T00:00:00Z,-0.14
1992-01-01T00:00:00Z,0.3
1992-02-01T00:00:00Z,0.46
1992-03-01T00:00:00Z,0.47
1992-04-01T00:00:00Z,0.92
1992-05-01T00:00:00Z,1.59
1992-06-01T00:00:00Z,1.38
1992-07-01T00:00:00Z,1.72
1992-08-01T00:00:00Z,1.24
1992-09-01T00:00:00Z,0.83
1992-10-01T00:00:00Z,1.41
1992-11-01T00:00:00Z,1.29
1992-12-01T00:00:00Z,0.51
1993-01-01T00:00:00Z,0.02
1993-02-01T00:00:00Z,0.41
1993-03-01T00:00:00Z,0.69
1993-04-01T00:00:00Z,1.32
1993-05-01T00:00:00Z,2.17
1993-06-01T00:00:00Z,2.24
1993-07-01T00:00:00Z,1.7
1993-08-01T00:00:00Z,2.27
1993-09-01T00:00:00Z,1.58
1993-10-01T00:00:00Z,1.46
1993-11-01T00:00:00Z,1.08
1993-12-01T00:00:00Z,0.75
1994-01-01T00:00:00Z,0.97
1994-02-01T00:00:00Z,0.51
1994-03-01T00:00:00Z,0.59
1994-04-01T00:00:00Z,0.87
1994-05-01T00:00:00Z,0.83
1994-06-01T00:00:00Z,0.18
1994-07-01T00:00:00Z,-0.67
1994-08-01T00:00:00Z,-0.54
1994-09-01T00:00:00Z,-1.12
1994-10-01T00:00:00Z,-0.68
1994-11-01T00:00:00Z,-1.55
1994-12-01T00:00:00Z,-1.87
1995-01-01T00:00:00Z,-0.37
1995-02-01T00:00:00Z,0.57
1995-03-01T00:00:00Z,0.95
1995-04-01T00:00:00Z,1.04
1995-05-01T00:00:00Z,1.33
1995-06-01T00:00:00Z,1.5
1995-07-01T00:00:00Z,1.62
1995-08-01T00:00:00Z,0.61
1995-09-01T00:00:00Z,1.56
1995-10-01T00:00:00Z,0.96
1995-11-01T00:00:00Z,0.29
1995-12-01T00:00:00Z,0.41
1996-01-01T00:00:00Z,0.89
1996-02-01T00:00:00Z,1.08
1996-03-01T00:00:00Z,1.13
1996-04-01T00:00:00Z,1.52
1996-05-01T00:00:00Z,2.15
1996-06-01T00:00:00Z,1.12
1996-07-01T00:00:00Z,0.67
1996-08-01T00:00:00Z,-0.27
1996-09-01T00:00:00Z,0.41
1996-10-01T00:00:00Z,0.62
1996-11-01T00:00:00Z,0.51
1996-12-01T00:00:00Z,0.11
1997-01-01T00:00:00Z,0.72
1997-02-01T00:00:00Z,0.59
1997-03-01T00:00:00Z,0.84
1997-04-01T00:00:00Z,1.07
1997-05-01T00:00:00Z,1.84
1997-06-01T00:00:00Z,2.6
1997-07-01T00:00:00Z,1.72
1997-08-01T00:00:00Z,2.56
1997-09-01T00:00:00Z,2.0
1997-10-01T00:00:00Z,2.12
1997-11-01T00:00:00Z,1.69
1997-12-01T00:00:00Z,1.46
1998-01-01T00:00:00Z,1.61
1998-02-01T00:00:00Z,2.19
1998-03-01T00:00:00Z,2.03
1998-04-01T00:00:00Z,0.94
1998-05-01T00:00:00Z,0.22
1998-06-01T00:00:00Z,-0.03
1998-07-01T00:00:00Z,-0.39
1998-08-01T00:00:00Z,0.09
1998-09-01T00:00:00Z,-0.69
1998-10-01T00:00:00Z,-1.51
1998-11-01T00:00:00Z,-0.42
1998-12-01T00:00:00Z,-0.53
1999-01-01T00:00:00Z,-0.35
1999-02-01T00:00:00Z,-0.5
1999-03-01T00:00:00Z,-0.37
1999-04-01T00:00:00Z,-1.05
1999-05-01T00:00:00Z,-1.56
1999-06-01T00:00:00Z,-1.76
1999-07-01T00:00:00Z,-1.1
1999-08-01T00:00:00Z,-1.08
1999-09-01T00:00:00Z,-1.29
1999-10-01T00:00:00Z,-1.92
1999-11-01T00:00:00Z,-1.73
1999-12-01T00:00:00Z,-1.46
2000-01-01T00:00:00Z,-1.7
2000-02-01T00:00:00Z,-0.7
2000-03-01T00:00:00Z,-0.03
2000-04-01T00:00:00Z,-0.05
2000-05-01T00:00:00Z,-0.26
2000-06-01T00:00:00Z,-0.38
2000-07-01T00:00:00Z,-1.03
2000-08-01T00:00:00Z,-1.1
2000-09-01T00:00:00Z,-0.87
2000-10-01T00:00:00Z,-1.13
2000-11-01T00:00:00Z,-0.66
2000-12-01T00:00:00Z,0.2
2001-01-01T00:00:00Z,0.85
2001-02-01T00:00:00Z,0.52
2001-03-01T00:00:00Z,0.37
2001-04-01T00:00:00Z,-0.48
2001-05-01T00:00:00Z,-0.38
2001-06-01T00:00:00Z,-0.65
2001-07-01T00:00:00Z,-1.59
2001-08-01T00:00:00Z,-0.87
2001-09-01T00:00:00Z,-1.09
2001-10-01T00:00:00Z,-1.02
2001-11-01T00:00:00Z,-0.54
2001-12-01T00:00:00Z,-0.49
2002-01-01T00:00:00Z,0.27
2002-02-01T00:00:00Z,-0.56
2002-03-01T00:00:00Z,-0.29
2002-04-01T00:00:00Z,-0.44
2002-05-01T00:00:00Z,-0.82
2002-06-01T00:00:00Z,-0.7
2002-07-01T00:00:00Z,-0.18
2002-08-01T00:00:00Z,0.51
2002-09-01T00:00:00Z,0.25
2002-10-01T00:00:00Z,0.27
2002-11-01T00:00:00Z,1.29
2002-12-01T00:00:00Z,1.89
2003-01-01T00:00:00Z,1.94
2003-02-01T00:00:00Z,1.75
2003-03-01T00:00:00Z,1.68
2003-04-01T00:00:00Z,0.91
2003-05-01T00:00:00Z,0.59
2003-06-01T00:00:00Z,-0.1
2003-07-01T00:00:00Z,0.71
2003-08-01T00:00:00Z,1.08
2003-09-01T00:00:00Z,0.26
2003-10-01T00:00:00Z,1.05
2003-11-01T00:00:00Z,-0.01
2003-12-01T00:00:00Z,-0.19
2004-01-01T00:00:00Z,-0.06
2004-02-01T00:00:00Z,0.36
2004-03-01T00:00:00Z,0.47
2004-04-01T00:00:00Z,0.52
2004-05-01T00:00:00Z,0.8
2004-06-01T00:00:00Z,-0.26
2004-07-01T00:00:00Z,-0.02
2004-08-01T00:00:00Z,0.43
2004-09-01T00:00:00Z,0.23
2004-10-01T00:00:00Z,-0.4
2004-11-01T00:00:00Z,-0.94
2004-12-01T00:00:00Z,-0.39
2005-01-01T00:00:00Z,0.11
2005-02-01T00:00:00Z,0.38
2005-03-01T00:00:00Z,1.13
2005-04-01T00:00:00Z,0.72
2005-05-01T00:00:00Z,1.49
2005-06-01T00:00:00Z,0.83
2005-07-01T00:00:00Z,0.17
2005-08-01T00:00:00Z,0.04
2005-09-01T00:00:00Z,-0.6
2005-10-01T00:00:00Z,-1.58
2005-11-01T00:00:00Z,-1.57
2005-12-01T00:00:00Z,0.1
2006-01-01T00:00:00Z,0.85
2006-02-01T00:00:00Z,0.9
2006-03-01T00:00:00Z,-0.04
2006-04-01T00:00:00Z,0.15
2006-05-01T00:00:00Z,0.35
2006-06-01T00:00:00Z,0.52
2006-07-01T00:00:00Z,0.84
2006-08-01T00:00:00Z,-0.14
2006-09-01T00:00:00Z,-0.93
2006-10-01T00:00:00Z,-0.12
2006-11-01T00:00:00Z,-0.43
2006-12-01T00:00:00Z,0.01
2007-01-01T00:00:00Z,-0.11
2007-02-01T00:00:00Z,-0.03
2007-03-01T00:00:00Z,-0.34
2007-04-01T00:00:00Z,0.22
2007-05-01T00:00:00Z,0.3
2007-06-01T00:00:00Z,0.33
2007-07-01T00:00:00Z,0.95
2007-08-01T00:00:00Z,0.54
2007-09-01T00:00:00Z,-0.49
2007-10-01T00:00:00Z,-1.86
2007-11-01T00:00:00Z,-1.16
2007-12-01T00:00:00Z,-0.69
2008-01-01T00:00:00Z,-1.13
2008-02-01T00:00:00Z,-0.99
2008-03-01T00:00:00Z,-0.65
2008-04-01T00:00:00Z,-1.14
2008-05-01T00:00:00Z,-0.95
2008-06-01T00:00:00Z,-1.48
2008-07-01T00:00:00Z,-1.28
2008-08-01T00:00:00Z,-1.0
2008-09-01T00:00:00Z,-1.18
2008-10-01T00:00:00Z,-1.33
2008-11-01T00:00:00Z,-1.2
2008-12-01T00:00:00Z,-1.03
2009-01-01T00:00:00Z,-1.5
2009-02-01T00:00:00Z,-1.31
2009-03-01T00:00:00Z,-1.42
2009-04-01T00:00:00Z,-1.51
2009-05-01T00:00:00Z,-0.75
2009-06-01T00:00:00Z,-0.44
2009-07-01T00:00:00Z,-0.18
2009-08-01T00:00:00Z,0.17
2009-09-01T00:00:00Z,1.01
2009-10-01T00:00:00Z,0.43
2009-11-01T00:00:00Z,-0.45
2009-12-01T00:00:00Z,0.08
2010-01-01T00:00:00Z,0.64
2010-02-01T00:00:00Z,0.96
2010-03-01T00:00:00Z,0.72
2010-04-01T00:00:00Z,0.84
2010-05-01T00:00:00Z,0.57
2010-06-01T00:00:00Z,-0.15
2010-07-01T00:00:00Z,-1.3
2010-08-01T00:00:00Z,-1.42
2010-09-01T00:00:00Z,-1.75
2010-10-01T00:00:00Z,-0.94
2010-11-01T00:00:00Z,-1.04
2010-12-01T00:00:00Z,-1.64
2011-01-01T00:00:00Z,-1.39
2011-02-01T00:00:00Z,-0.99
2011-03-01T00:00:00Z,-0.7
2011-04-01T00:00:00Z,-0.54
2011-05-01T00:00:00Z,-0.45
2011-06-01T00:00:00Z,-0.99
2011-07-01T00:00:00Z,-1.86
2011-08-01T00:00:00Z,-1.83
2011-09-01T00:00:00Z,-1.82
2011-10-01T00:00:00Z,-1.43
2011-11-01T00:00:00Z,-2.53
2011-12-01T00:00:00Z,-2.19
2012-01-01T00:00:00Z,-1.57
2012-02-01T00:00:00Z,-0.89
2012-03-01T00:00:00Z,-1.0
2012-04-01T00:00:00Z,-0.33
2012-05-01T00:00:00Z,-1.22
2012-06-01T00:00:00Z,-1.02
2012-07-01T00:00:00Z,-1.65
2012-08-01T00:00:00Z,-1.66
2012-09-01T00:00:00Z,-2.03
2012-10-01T00:00:00Z,-0.55
2012-11-01T00:00:00Z,-0.23
2012-12-01T00:00:00Z,-0.98
2013-01-01T00:00:00Z,-0.64
2013-02-01T00:00:00Z,-0.78
2013-03-01T00:00:00Z,-0.76
2013-04-01T00:00:00Z,-0.16
2013-05-01T00:00:00Z,-0.06
2013-06-01T00:00:00Z,-1.06
2013-07-01T00:00:00Z,-1.09
2013-08-01T00:00:00Z,-1.18
2013-09-01T00:00:00Z,-0.61
2013-10-01T00:00:00Z,-1.24
2013-11-01T00:00:00Z,-0.97
2013-12-01T00:00:00Z,-1.04
2014-01-01T00:00:00Z,-0.6
2014-02-01T00:00:00Z,-0.25
2014-03-01T00:00:00Z,0.7
2014-04-01T00:00:00Z,0.8
2014-05-01T00:00:00Z,1.41
2014-06-01T00:00:00Z,-0.27
2014-07-01T00:00:00Z,0.46
2014-08-01T00:00:00Z,0.55
2014-09-01T00:00:00Z,0.74
2014-10-01T00:00:00Z,1.42
2014-11-01T00:00:00Z,1.4
2014-12-01T00:00:00Z,1.89
2015-01-01T00:00:00Z,1.64
2015-02-01T00:00:00Z,1.73
2015-03-01T00:00:00Z,1.66
2015-04-01T00:00:00Z,1.25
2015-05-01T00:00:00Z,0.76
2015-06-01T00:00:00Z,0.93
2015-07-01T00:00:00Z,1.58
2015-08-01T00:00:00Z,1.34
2015-09-01T00:00:00Z,1.35
2015-10-01T00:00:00Z,1.08
2015-11-01T00:00:00Z,0.36
2015-12-01T00:00:00Z,0.63
2016-01-01T00:00:00Z,1.29
2016-02-01T00:00:00Z,1.89
2016-03-01T00:00:00Z,2.37
2016-04-01T00:00:00Z,2.42
2016-05-01T00:00:00Z,2.08
2016-06-01T00:00:00Z,1.02
2016-07-01T00:00:00Z,0.74
2016-08-01T00:00:00Z,-0.13
2016-09-01T00:00:00Z,-0.4
2016-10-01T00:00:00Z,-0.08
2016-11-01T00:00:00Z,1.24
2016-12-01T00:00:00Z,0.86
2017-01-01T00:00:00Z,0.44
2017-02-01T00:00:00Z,0.69
2017-03-01T00:00:00Z,0.8
2017-04-01T00:00:00Z,1.15
2017-05-01T00:00:00Z,0.94
2017-06-01T00:00:00Z,0.58
2017-07-01T00:00:00Z,-0.12
2017-08-01T00:00:00Z,-0.05
2017-09-01T00:00:00Z,0.31
2017-10-01T00:00:00Z,-0.21
2017-11-01T00:00:00Z,-0.43
2017-12-01T00:00:00Z,-0.07
2018-01-01T00:00:00Z,0.44
2018-02-01T00:00:00Z,0.1
2018-03-01T00:00:00Z,-0.23
2018-04-01T00:00:00Z,-0.23
2018-05-01T00:00:00Z,0.0
2018-06-01T00:00:00Z,-0.53
2018-07-01T00:00:00Z,0.07
2018-08-01T00:00:00Z,0.03
2018-09-01T00:00:00Z,-0.08
2018-10-01T00:00:00Z,-0.41
2018-11-01T00:00:00Z,-0.58
2018-12-01T00:00:00Z,-0.09
2019-01-01T00:00:00Z,0.06
2019-02-01T00:00:00Z,-0.11
2019-03-01T00:00:00Z,0.32
2019-04-01T00:00:00Z,0.62
2019-05-01T00:00:00Z,0.59
2019-06-01T00:00:00Z,0.09
2019-07-01T00:00:00Z,0.76
2019-08-01T00:00:00Z,0.39
2019-09-01T00:00:00Z,0.28
2019-10-01T00:00:00Z,-0.69
2019-11-01T00:00:00Z,-0.47
2019-12-01T00:00:00Z,0.05
2020-01-01T00:00:00Z,-0.96
2020-02-01T00:00:00Z,-0.81
2020-03-01T00:00:00Z,-0.95
2020-04-01T00:00:00Z,-0.74
2020-05-01T00:00:00Z,-0.14
2020-06-01T00:00:00Z,-0.63
2020-07-01T00:00:00Z,-0.75
2020-08-01T00:00:00Z,-0.95
2020-09-01T00:00:00Z,-0.86
2020-10-01T00:00:00Z,-0.56
2020-11-01T00:00:00Z,-1.77
2020-12-01T00:00:00Z,-1.07
2021-01-01T00:00:00Z,-0.38
2021-02-01T00:00:00Z,-0.71
2021-03-01T00:00:00Z,-1.05
2021-04-01T00:00:00Z,-1.21
2021-05-01T00:00:00Z,-1.42
2021-06-01T00:00:00Z,-1.56
2021-07-01T00:00:00Z,-1.48
2021-08-01T00:00:00Z,-0.47
2021-09-01T00:00:00Z,-1.59
2021-10-01T00:00:00Z,-2.5
2021-11-01T00:00:00Z,-2.12
2021-12-01T00:00:00Z,-2.33
2022-01-01T00:00:00Z,-1.89
2022-02-01T00:00:00Z,-1.44
2022-03-01T00:00:00Z,-1.13
2022-04-01T00:00:00Z,-1.56
2022-05-01T00:00:00Z,-1.8
2022-06-01T00:00:00Z,-1.26
2022-07-01T00:00:00Z,-2.28
2022-08-01T00:00:00Z,-1.96
2022-09-01T00:00:00Z,-1.82
2022-10-01T00:00:00Z,-1.51
2022-11-01T00:00:00Z,-2.12
2022-12-01T00:00:00Z,-1.98
2023-01-01T00:00:00Z,-0.92
2023-02-01T00:00:00Z,-1.09
2023-03-01T00:00:00Z,-1.63
2023-04-01T00:00:00Z,-2.18
2023-05-01T00:00:00Z,-1.69
2023-06-01T00:00:00Z,-1.89
2023-07-01T00:00:00Z,-1.85
2023-08-01T00:00:00Z,-1.68
2023-09-01T00:00:00Z,-2.14
2023-10-01T00:00:00Z,-1.61
2023-11-01T00:00:00Z,-1.31
2023-12-01T00:00:00Z,-1.24
2024-01-01T00:00:00Z,-0.84
2024-02-01T00:00:00Z,-0.43
2024-03-01T00:00:00Z,-0.56
2024-04-01T00:00:00Z,-1.06
2024-05-01T00:00:00Z,-2.15
2024-06-01T00:00:00Z,-2.35
